{
    "data": [
    {
        "_id": 1,
        "reference_id": "CTHMTC00001",
        "name": "Abu Dhabi",
        "type": "Territory",
        "iso1_code": "",
        "iso2_code": "AE-AZ",
        "iso3_code": "",
        "overseas_region_overseas_region_name": "Middle East, Afghanistan and Pakistan",
        "start_date": null,
        "end_date": null,
        "region": "Middle East, Afghanistan and Pakistan"
    },
    {
        "_id": 2,
        "reference_id": "CTHMTC00002",
        "name": "Afghanistan",
        "type": "Country",
        "iso1_code": "004",
        "iso2_code": "AF",
        "iso3_code": "AFG",
        "overseas_region_overseas_region_name": "Middle East, Afghanistan and Pakistan",
        "start_date": null,
        "end_date": null,
        "region": "Middle East, Afghanistan and Pakistan"
    },
    {
        "_id": 3,
        "reference_id": "CTHMTC00003",
        "name": "Ajman",
        "type": "Territory",
        "iso1_code": "",
        "iso2_code": "AE-AJ",
        "iso3_code": "",
        "overseas_region_overseas_region_name": "Middle East, Afghanistan and Pakistan",
        "start_date": null,
        "end_date": null,
        "region": "Middle East, Afghanistan and Pakistan"
    },
    {
        "_id": 4,
        "reference_id": "CTHMTC00004",
        "name": "Akrotiri",
        "type": "Territory",
        "iso1_code": "",
        "iso2_code": "XQZ",
        "iso3_code": "",
        "overseas_region_overseas_region_name": "Europe",
        "start_date": null,
        "end_date": null,
        "region": "Europe"
    },
    {
        "_id": 5,
        "reference_id": "CTHMTC00005",
        "name": "Åland Islands",
        "type": "Territory",
        "iso1_code": "248",
        "iso2_code": "AX",
        "iso3_code": "ALA",
        "overseas_region_overseas_region_name": "Europe",
        "start_date": null,
        "end_date": null,
        "region": "Europe"
    },
    {
        "_id": 6,
        "reference_id": "CTHMTC00006",
        "name": "Albania",
        "type": "Country",
        "iso1_code": "008",
        "iso2_code": "AL",
        "iso3_code": "ALB",
        "overseas_region_overseas_region_name": "Europe",
        "start_date": null,
        "end_date": null,
        "region": "Europe"
    },
    {
        "_id": 7,
        "reference_id": "CTHMTC00007",
        "name": "Algeria",
        "type": "Country",
        "iso1_code": "012",
        "iso2_code": "DZ",
        "iso3_code": "DZA",
        "overseas_region_overseas_region_name": "Africa",
        "start_date": null,
        "end_date": null,
        "region": "Africa"
    },
    {
        "_id": 8,
        "reference_id": "CTHMTC00008",
        "name": "American Samoa",
        "type": "Territory",
        "iso1_code": "016",
        "iso2_code": "AS",
        "iso3_code": "ASM",
        "overseas_region_overseas_region_name": "Asia Pacific",
        "start_date": null,
        "end_date": null,
        "region": "Asia Pacific"
    },
    {
        "_id": 9,
        "reference_id": "CTHMTC00009",
        "name": "Andorra",
        "type": "Country",
        "iso1_code": "020",
        "iso2_code": "AD",
        "iso3_code": "AND",
        "overseas_region_overseas_region_name": "Europe",
        "start_date": null,
        "end_date": null,
        "region": "Europe"
    },
    {
        "_id": 10,
        "reference_id": "CTHMTC00010",
        "name": "Angola",
        "type": "Country",
        "iso1_code": "024",
        "iso2_code": "AO",
        "iso3_code": "AGO",
        "overseas_region_overseas_region_name": "Africa",
        "start_date": "1975-11-11",
        "end_date": null,
        "region": "Africa"
    },
    {
        "_id": 11,
        "reference_id": "CTHMTC00011",
        "name": "Anguilla",
        "type": "Territory",
        "iso1_code": "660",
        "iso2_code": "AI",
        "iso3_code": "AIA",
        "overseas_region_overseas_region_name": "Latin America and Caribbean",
        "start_date": null,
        "end_date": null,
        "region": "Latin America and Caribbean"
    },
    {
        "_id": 12,
        "reference_id": "CTHMTC00013",
        "name": "Antigua and Barbuda",
        "type": "Country",
        "iso1_code": "028",
        "iso2_code": "AG",
        "iso3_code": "ATG",
        "overseas_region_overseas_region_name": "Latin America and Caribbean",
        "start_date": "1981-11-01",
        "end_date": null,
        "region": "Latin America and Caribbean"
    },
    {
        "_id": 13,
        "reference_id": "CTHMTC00014",
        "name": "Argentina",
        "type": "Country",
        "iso1_code": "032",
        "iso2_code": "AR",
        "iso3_code": "ARG",
        "overseas_region_overseas_region_name": "Latin America and Caribbean",
        "start_date": null,
        "end_date": null,
        "region": "Latin America and Caribbean"
    },
    {
        "_id": 14,
        "reference_id": "CTHMTC00015",
        "name": "Armenia",
        "type": "Country",
        "iso1_code": "051",
        "iso2_code": "AM",
        "iso3_code": "ARM",
        "overseas_region_overseas_region_name": "Eastern Europe and Central Asia",
        "start_date": "1991-09-21",
        "end_date": null,
        "region": "Eastern Europe and Central Asia"
    },
    {
        "_id": 15,
        "reference_id": "CTHMTC00016",
        "name": "Aruba",
        "type": "Territory",
        "iso1_code": "533",
        "iso2_code": "AW",
        "iso3_code": "ABW",
        "overseas_region_overseas_region_name": "Latin America and Caribbean",
        "start_date": null,
        "end_date": null,
        "region": "Latin America and Caribbean"
    },
    {
        "_id": 16,
        "reference_id": "CTHMTC00017",
        "name": "Ascension",
        "type": "Territory",
        "iso1_code": "",
        "iso2_code": "SH-AC",
        "iso3_code": "",
        "overseas_region_overseas_region_name": "Africa",
        "start_date": null,
        "end_date": null,
        "region": "Africa"
    },
    {
        "_id": 17,
        "reference_id": "CTHMTC00018",
        "name": "Australia",
        "type": "Country",
        "iso1_code": "036",
        "iso2_code": "AU",
        "iso3_code": "AUS",
        "overseas_region_overseas_region_name": "Asia Pacific",
        "start_date": null,
        "end_date": null,
        "region": "Asia Pacific"
    },
    {
        "_id": 18,
        "reference_id": "CTHMTC00019",
        "name": "Austria",
        "type": "Country",
        "iso1_code": "040",
        "iso2_code": "AT",
        "iso3_code": "AUT",
        "overseas_region_overseas_region_name": "Europe",
        "start_date": null,
        "end_date": null,
        "region": "Europe"
    },
    {
        "_id": 19,
        "reference_id": "CTHMTC00020",
        "name": "Azerbaijan",
        "type": "Country",
        "iso1_code": "031",
        "iso2_code": "AZ",
        "iso3_code": "AZE",
        "overseas_region_overseas_region_name": "Eastern Europe and Central Asia",
        "start_date": "1991-08-30",
        "end_date": null,
        "region": "Eastern Europe and Central Asia"
    },
    {
        "_id": 20,
        "reference_id": "CTHMTC00021",
        "name": "Bahrain",
        "type": "Country",
        "iso1_code": "048",
        "iso2_code": "BH",
        "iso3_code": "BHR",
        "overseas_region_overseas_region_name": "Middle East, Afghanistan and Pakistan",
        "start_date": null,
        "end_date": null,
        "region": "Middle East, Afghanistan and Pakistan"
    },
    {
        "_id": 21,
        "reference_id": "CTHMTC00022",
        "name": "Baker Island",
        "type": "Territory",
        "iso1_code": "",
        "iso2_code": "UM-81",
        "iso3_code": "",
        "overseas_region_overseas_region_name": "North America",
        "start_date": null,
        "end_date": null,
        "region": "North America"
    },
    {
        "_id": 22,
        "reference_id": "CTHMTC00023",
        "name": "Bangladesh",
        "type": "Country",
        "iso1_code": "050",
        "iso2_code": "BD",
        "iso3_code": "BGD",
        "overseas_region_overseas_region_name": "South Asia",
        "start_date": null,
        "end_date": null,
        "region": "South Asia"
    },
    {
        "_id": 23,
        "reference_id": "CTHMTC00024",
        "name": "Barbados",
        "type": "Country",
        "iso1_code": "052",
        "iso2_code": "BB",
        "iso3_code": "BRB",
        "overseas_region_overseas_region_name": "Latin America and Caribbean",
        "start_date": null,
        "end_date": null,
        "region": "Latin America and Caribbean"
    },
    {
        "_id": 24,
        "reference_id": "CTHMTC00025",
        "name": "Belarus",
        "type": "Country",
        "iso1_code": "112",
        "iso2_code": "BY",
        "iso3_code": "BLR",
        "overseas_region_overseas_region_name": "Eastern Europe and Central Asia",
        "start_date": "1991-08-25",
        "end_date": null,
        "region": "Eastern Europe and Central Asia"
    },
    {
        "_id": 25,
        "reference_id": "CTHMTC00026",
        "name": "Belgium",
        "type": "Country",
        "iso1_code": "056",
        "iso2_code": "BE",
        "iso3_code": "BEL",
        "overseas_region_overseas_region_name": "Europe",
        "start_date": null,
        "end_date": null,
        "region": "Europe"
    },
    {
        "_id": 26,
        "reference_id": "CTHMTC00027",
        "name": "Belize",
        "type": "Country",
        "iso1_code": "084",
        "iso2_code": "BZ",
        "iso3_code": "BLZ",
        "overseas_region_overseas_region_name": "Latin America and Caribbean",
        "start_date": "1981-09-21",
        "end_date": null,
        "region": "Latin America and Caribbean"
    },
    {
        "_id": 27,
        "reference_id": "CTHMTC00028",
        "name": "Benin",
        "type": "Country",
        "iso1_code": "204",
        "iso2_code": "BJ",
        "iso3_code": "BEN",
        "overseas_region_overseas_region_name": "Africa",
        "start_date": null,
        "end_date": null,
        "region": "Africa"
    },
    {
        "_id": 28,
        "reference_id": "CTHMTC00029",
        "name": "Bermuda",
        "type": "Territory",
        "iso1_code": "060",
        "iso2_code": "BM",
        "iso3_code": "BMU",
        "overseas_region_overseas_region_name": "Latin America and Caribbean",
        "start_date": null,
        "end_date": null,
        "region": "Latin America and Caribbean"
    },
    {
        "_id": 29,
        "reference_id": "CTHMTC00030",
        "name": "Bhutan",
        "type": "Country",
        "iso1_code": "064",
        "iso2_code": "BT",
        "iso3_code": "BTN",
        "overseas_region_overseas_region_name": "South Asia",
        "start_date": null,
        "end_date": null,
        "region": "South Asia"
    },
    {
        "_id": 30,
        "reference_id": "CTHMTC00031",
        "name": "Bolivia",
        "type": "Country",
        "iso1_code": "068",
        "iso2_code": "BO",
        "iso3_code": "BOL",
        "overseas_region_overseas_region_name": "Latin America and Caribbean",
        "start_date": null,
        "end_date": null,
        "region": "Latin America and Caribbean"
    },
    {
        "_id": 31,
        "reference_id": "CTHMTC00032",
        "name": "Bonaire",
        "type": "Territory",
        "iso1_code": "",
        "iso2_code": "BQ-BO",
        "iso3_code": "",
        "overseas_region_overseas_region_name": "Latin America and Caribbean",
        "start_date": null,
        "end_date": null,
        "region": "Latin America and Caribbean"
    },
    {
        "_id": 32,
        "reference_id": "CTHMTC00033",
        "name": "Bosnia and Herzegovina",
        "type": "Country",
        "iso1_code": "070",
        "iso2_code": "BA",
        "iso3_code": "BIH",
        "overseas_region_overseas_region_name": "Europe",
        "start_date": "1992-03-03",
        "end_date": null,
        "region": "Europe"
    },
    {
        "_id": 33,
        "reference_id": "CTHMTC00034",
        "name": "Botswana",
        "type": "Country",
        "iso1_code": "072",
        "iso2_code": "BW",
        "iso3_code": "BWA",
        "overseas_region_overseas_region_name": "Africa",
        "start_date": null,
        "end_date": null,
        "region": "Africa"
    },
    {
        "_id": 34,
        "reference_id": "CTHMTC00036",
        "name": "Brazil",
        "type": "Country",
        "iso1_code": "076",
        "iso2_code": "BR",
        "iso3_code": "BRA",
        "overseas_region_overseas_region_name": "Latin America and Caribbean",
        "start_date": null,
        "end_date": null,
        "region": "Latin America and Caribbean"
    },
    {
        "_id": 35,
        "reference_id": "CTHMTC00038",
        "name": "British Indian Ocean Territory",
        "type": "Territory",
        "iso1_code": "086",
        "iso2_code": "IO",
        "iso3_code": "IOT",
        "overseas_region_overseas_region_name": "South Asia",
        "start_date": null,
        "end_date": null,
        "region": "South Asia"
    },
    {
        "_id": 36,
        "reference_id": "CTHMTC00039",
        "name": "British Virgin Islands",
        "type": "Territory",
        "iso1_code": "092",
        "iso2_code": "VG",
        "iso3_code": "VGB",
        "overseas_region_overseas_region_name": "Latin America and Caribbean",
        "start_date": null,
        "end_date": null,
        "region": "Latin America and Caribbean"
    },
    {
        "_id": 37,
        "reference_id": "CTHMTC00040",
        "name": "Brunei",
        "type": "Country",
        "iso1_code": "096",
        "iso2_code": "BN",
        "iso3_code": "BRN",
        "overseas_region_overseas_region_name": "Asia Pacific",
        "start_date": "1984-01-01",
        "end_date": null,
        "region": "Asia Pacific"
    },
    {
        "_id": 38,
        "reference_id": "CTHMTC00041",
        "name": "Bulgaria",
        "type": "Country",
        "iso1_code": "100",
        "iso2_code": "BG",
        "iso3_code": "BGR",
        "overseas_region_overseas_region_name": "Europe",
        "start_date": null,
        "end_date": null,
        "region": "Europe"
    },
    {
        "_id": 39,
        "reference_id": "CTHMTC00042",
        "name": "Burkina Faso",
        "type": "Country",
        "iso1_code": "854",
        "iso2_code": "BF",
        "iso3_code": "BFA",
        "overseas_region_overseas_region_name": "Africa",
        "start_date": null,
        "end_date": null,
        "region": "Africa"
    },
    {
        "_id": 40,
        "reference_id": "CTHMTC00043",
        "name": "Burundi",
        "type": "Country",
        "iso1_code": "108",
        "iso2_code": "BI",
        "iso3_code": "BDI",
        "overseas_region_overseas_region_name": "Africa",
        "start_date": null,
        "end_date": null,
        "region": "Africa"
    },
    {
        "_id": 41,
        "reference_id": "CTHMTC00044",
        "name": "Cambodia",
        "type": "Country",
        "iso1_code": "116",
        "iso2_code": "KH",
        "iso3_code": "KHM",
        "overseas_region_overseas_region_name": "Asia Pacific",
        "start_date": null,
        "end_date": null,
        "region": "Asia Pacific"
    },
    {
        "_id": 42,
        "reference_id": "CTHMTC00045",
        "name": "Cameroon",
        "type": "Country",
        "iso1_code": "120",
        "iso2_code": "CM",
        "iso3_code": "CMR",
        "overseas_region_overseas_region_name": "Africa",
        "start_date": null,
        "end_date": null,
        "region": "Africa"
    },
    {
        "_id": 43,
        "reference_id": "CTHMTC00046",
        "name": "Canada",
        "type": "Country",
        "iso1_code": "124",
        "iso2_code": "CA",
        "iso3_code": "CAN",
        "overseas_region_overseas_region_name": "North America",
        "start_date": null,
        "end_date": null,
        "region": "North America"
    },
    {
        "_id": 44,
        "reference_id": "CTHMTC00047",
        "name": "Cape Verde",
        "type": "Country",
        "iso1_code": "132",
        "iso2_code": "CV",
        "iso3_code": "CPV",
        "overseas_region_overseas_region_name": "Africa",
        "start_date": "1975-07-05",
        "end_date": null,
        "region": "Africa"
    },
    {
        "_id": 45,
        "reference_id": "CTHMTC00048",
        "name": "Cayman Islands",
        "type": "Territory",
        "iso1_code": "136",
        "iso2_code": "KY",
        "iso3_code": "CYM",
        "overseas_region_overseas_region_name": "Latin America and Caribbean",
        "start_date": null,
        "end_date": null,
        "region": "Latin America and Caribbean"
    },
    {
        "_id": 46,
        "reference_id": "CTHMTC00049",
        "name": "Central African Republic",
        "type": "Country",
        "iso1_code": "140",
        "iso2_code": "CF",
        "iso3_code": "CAF",
        "overseas_region_overseas_region_name": "Africa",
        "start_date": null,
        "end_date": null,
        "region": "Africa"
    },
    {
        "_id": 47,
        "reference_id": "CTHMTC00050",
        "name": "Ceuta",
        "type": "Territory",
        "iso1_code": "",
        "iso2_code": "ES-CE",
        "iso3_code": "",
        "overseas_region_overseas_region_name": "Africa",
        "start_date": null,
        "end_date": null,
        "region": "Africa"
    },
    {
        "_id": 48,
        "reference_id": "CTHMTC00051",
        "name": "Chad",
        "type": "Country",
        "iso1_code": "148",
        "iso2_code": "TD",
        "iso3_code": "TCD",
        "overseas_region_overseas_region_name": "Africa",
        "start_date": null,
        "end_date": null,
        "region": "Africa"
    },
    {
        "_id": 49,
        "reference_id": "CTHMTC00052",
        "name": "Chile",
        "type": "Country",
        "iso1_code": "152",
        "iso2_code": "CL",
        "iso3_code": "CHL",
        "overseas_region_overseas_region_name": "Latin America and Caribbean",
        "start_date": null,
        "end_date": null,
        "region": "Latin America and Caribbean"
    },
    {
        "_id": 50,
        "reference_id": "CTHMTC00053",
        "name": "China",
        "type": "Country",
        "iso1_code": "156",
        "iso2_code": "CN",
        "iso3_code": "CHN",
        "overseas_region_overseas_region_name": "China and Hong Kong",
        "start_date": null,
        "end_date": null,
        "region": "China and Hong Kong"
    },
    {
        "_id": 51,
        "reference_id": "CTHMTC00054",
        "name": "Christmas Island",
        "type": "Territory",
        "iso1_code": "162",
        "iso2_code": "CX",
        "iso3_code": "CXR",
        "overseas_region_overseas_region_name": "Asia Pacific",
        "start_date": null,
        "end_date": null,
        "region": "Asia Pacific"
    },
    {
        "_id": 52,
        "reference_id": "CTHMTC00055",
        "name": "Cocos (Keeling) Islands",
        "type": "Territory",
        "iso1_code": "166",
        "iso2_code": "CC",
        "iso3_code": "CCK",
        "overseas_region_overseas_region_name": "Asia Pacific",
        "start_date": null,
        "end_date": null,
        "region": "Asia Pacific"
    },
    {
        "_id": 53,
        "reference_id": "CTHMTC00056",
        "name": "Colombia",
        "type": "Country",
        "iso1_code": "170",
        "iso2_code": "CO",
        "iso3_code": "COL",
        "overseas_region_overseas_region_name": "Latin America and Caribbean",
        "start_date": null,
        "end_date": null,
        "region": "Latin America and Caribbean"
    },
    {
        "_id": 54,
        "reference_id": "CTHMTC00057",
        "name": "Comoros",
        "type": "Country",
        "iso1_code": "174",
        "iso2_code": "KM",
        "iso3_code": "COM",
        "overseas_region_overseas_region_name": "Africa",
        "start_date": "1975-07-06",
        "end_date": null,
        "region": "Africa"
    },
    {
        "_id": 55,
        "reference_id": "CTHMTC00058",
        "name": "Congo",
        "type": "Country",
        "iso1_code": "178",
        "iso2_code": "CG",
        "iso3_code": "COG",
        "overseas_region_overseas_region_name": "Africa",
        "start_date": null,
        "end_date": null,
        "region": "Africa"
    },
    {
        "_id": 56,
        "reference_id": "CTHMTC00059",
        "name": "Congo (Democratic Republic)",
        "type": "Country",
        "iso1_code": "180",
        "iso2_code": "CD",
        "iso3_code": "COD",
        "overseas_region_overseas_region_name": "Africa",
        "start_date": null,
        "end_date": null,
        "region": "Africa"
    },
    {
        "_id": 57,
        "reference_id": "CTHMTC00060",
        "name": "Cook Islands",
        "type": "Territory",
        "iso1_code": "184",
        "iso2_code": "CK",
        "iso3_code": "COK",
        "overseas_region_overseas_region_name": "Asia Pacific",
        "start_date": null,
        "end_date": null,
        "region": "Asia Pacific"
    },
    {
        "_id": 58,
        "reference_id": "CTHMTC00061",
        "name": "Costa Rica",
        "type": "Country",
        "iso1_code": "188",
        "iso2_code": "CR",
        "iso3_code": "CRI",
        "overseas_region_overseas_region_name": "Latin America and Caribbean",
        "start_date": null,
        "end_date": null,
        "region": "Latin America and Caribbean"
    },
    {
        "_id": 59,
        "reference_id": "CTHMTC00062",
        "name": "Croatia",
        "type": "Country",
        "iso1_code": "191",
        "iso2_code": "HR",
        "iso3_code": "HRV",
        "overseas_region_overseas_region_name": "Europe",
        "start_date": "1991-06-25",
        "end_date": null,
        "region": "Europe"
    },
    {
        "_id": 60,
        "reference_id": "CTHMTC00063",
        "name": "Cuba",
        "type": "Country",
        "iso1_code": "192",
        "iso2_code": "CU",
        "iso3_code": "CUB",
        "overseas_region_overseas_region_name": "Latin America and Caribbean",
        "start_date": null,
        "end_date": null,
        "region": "Latin America and Caribbean"
    },
    {
        "_id": 61,
        "reference_id": "CTHMTC00064",
        "name": "Curaçao",
        "type": "Territory",
        "iso1_code": "531",
        "iso2_code": "CW",
        "iso3_code": "CUW",
        "overseas_region_overseas_region_name": "Latin America and Caribbean",
        "start_date": null,
        "end_date": null,
        "region": "Latin America and Caribbean"
    },
    {
        "_id": 62,
        "reference_id": "CTHMTC00065",
        "name": "Cyprus",
        "type": "Country",
        "iso1_code": "196",
        "iso2_code": "CY",
        "iso3_code": "CYP",
        "overseas_region_overseas_region_name": "Europe",
        "start_date": null,
        "end_date": null,
        "region": "Europe"
    },
    {
        "_id": 63,
        "reference_id": "CTHMTC00066",
        "name": "Czechia",
        "type": "Country",
        "iso1_code": "203",
        "iso2_code": "CZ",
        "iso3_code": "CZE",
        "overseas_region_overseas_region_name": "Europe",
        "start_date": "1993-01-01",
        "end_date": null,
        "region": "Europe"
    },
    {
        "_id": 64,
        "reference_id": "CTHMTC00067",
        "name": "Denmark",
        "type": "Country",
        "iso1_code": "208",
        "iso2_code": "DK",
        "iso3_code": "DNK",
        "overseas_region_overseas_region_name": "Europe",
        "start_date": null,
        "end_date": null,
        "region": "Europe"
    },
    {
        "_id": 65,
        "reference_id": "CTHMTC00068",
        "name": "Dhekelia",
        "type": "Territory",
        "iso1_code": "",
        "iso2_code": "XXD",
        "iso3_code": "",
        "overseas_region_overseas_region_name": "Europe",
        "start_date": null,
        "end_date": null,
        "region": "Europe"
    },
    {
        "_id": 66,
        "reference_id": "CTHMTC00069",
        "name": "Djibouti",
        "type": "Country",
        "iso1_code": "262",
        "iso2_code": "DJ",
        "iso3_code": "DJI",
        "overseas_region_overseas_region_name": "Africa",
        "start_date": "1977-06-27",
        "end_date": null,
        "region": "Africa"
    },
    {
        "_id": 67,
        "reference_id": "CTHMTC00070",
        "name": "Dominica",
        "type": "Country",
        "iso1_code": "212",
        "iso2_code": "DM",
        "iso3_code": "DMA",
        "overseas_region_overseas_region_name": "Latin America and Caribbean",
        "start_date": "1978-11-03",
        "end_date": null,
        "region": "Latin America and Caribbean"
    },
    {
        "_id": 68,
        "reference_id": "CTHMTC00071",
        "name": "Dominican Republic",
        "type": "Country",
        "iso1_code": "214",
        "iso2_code": "DO",
        "iso3_code": "DOM",
        "overseas_region_overseas_region_name": "Latin America and Caribbean",
        "start_date": null,
        "end_date": null,
        "region": "Latin America and Caribbean"
    },
    {
        "_id": 69,
        "reference_id": "CTHMTC00072",
        "name": "Dubai",
        "type": "Territory",
        "iso1_code": "",
        "iso2_code": "AE-DU",
        "iso3_code": "",
        "overseas_region_overseas_region_name": "Middle East, Afghanistan and Pakistan",
        "start_date": null,
        "end_date": null,
        "region": "Middle East, Afghanistan and Pakistan"
    },
    {
        "_id": 70,
        "reference_id": "CTHMTC00073",
        "name": "East Timor",
        "type": "Country",
        "iso1_code": "626",
        "iso2_code": "TL",
        "iso3_code": "TLS",
        "overseas_region_overseas_region_name": "Asia Pacific",
        "start_date": null,
        "end_date": null,
        "region": "Asia Pacific"
    },
    {
        "_id": 71,
        "reference_id": "CTHMTC00074",
        "name": "Ecuador",
        "type": "Country",
        "iso1_code": "218",
        "iso2_code": "EC",
        "iso3_code": "ECU",
        "overseas_region_overseas_region_name": "Latin America and Caribbean",
        "start_date": null,
        "end_date": null,
        "region": "Latin America and Caribbean"
    },
    {
        "_id": 72,
        "reference_id": "CTHMTC00075",
        "name": "Egypt",
        "type": "Country",
        "iso1_code": "818",
        "iso2_code": "EG",
        "iso3_code": "EGY",
        "overseas_region_overseas_region_name": "Africa",
        "start_date": null,
        "end_date": null,
        "region": "Africa"
    },
    {
        "_id": 73,
        "reference_id": "CTHMTC00076",
        "name": "El Salvador",
        "type": "Country",
        "iso1_code": "222",
        "iso2_code": "SV",
        "iso3_code": "SLV",
        "overseas_region_overseas_region_name": "Latin America and Caribbean",
        "start_date": null,
        "end_date": null,
        "region": "Latin America and Caribbean"
    },
    {
        "_id": 74,
        "reference_id": "CTHMTC00077",
        "name": "Equatorial Guinea",
        "type": "Country",
        "iso1_code": "226",
        "iso2_code": "GQ",
        "iso3_code": "GNQ",
        "overseas_region_overseas_region_name": "Africa",
        "start_date": null,
        "end_date": null,
        "region": "Africa"
    },
    {
        "_id": 75,
        "reference_id": "CTHMTC00078",
        "name": "Eritrea",
        "type": "Country",
        "iso1_code": "232",
        "iso2_code": "ER",
        "iso3_code": "ERI",
        "overseas_region_overseas_region_name": "Africa",
        "start_date": "1993-05-24",
        "end_date": null,
        "region": "Africa"
    },
    {
        "_id": 76,
        "reference_id": "CTHMTC00079",
        "name": "Estonia",
        "type": "Country",
        "iso1_code": "233",
        "iso2_code": "EE",
        "iso3_code": "EST",
        "overseas_region_overseas_region_name": "Europe",
        "start_date": "1991-08-20",
        "end_date": null,
        "region": "Europe"
    },
    {
        "_id": 77,
        "reference_id": "CTHMTC00080",
        "name": "Eswatini",
        "type": "Country",
        "iso1_code": "748",
        "iso2_code": "SZ",
        "iso3_code": "SWZ",
        "overseas_region_overseas_region_name": "Africa",
        "start_date": null,
        "end_date": null,
        "region": "Africa"
    },
    {
        "_id": 78,
        "reference_id": "CTHMTC00081",
        "name": "Ethiopia",
        "type": "Country",
        "iso1_code": "231",
        "iso2_code": "ET",
        "iso3_code": "ETH",
        "overseas_region_overseas_region_name": "Africa",
        "start_date": null,
        "end_date": null,
        "region": "Africa"
    },
    {
        "_id": 79,
        "reference_id": "CTHMTC00082",
        "name": "Falkland Islands",
        "type": "Territory",
        "iso1_code": "238",
        "iso2_code": "FK",
        "iso3_code": "FLK",
        "overseas_region_overseas_region_name": "Latin America and Caribbean",
        "start_date": null,
        "end_date": null,
        "region": "Latin America and Caribbean"
    },
    {
        "_id": 80,
        "reference_id": "CTHMTC00083",
        "name": "Faroe Islands",
        "type": "Territory",
        "iso1_code": "234",
        "iso2_code": "FO",
        "iso3_code": "FRO",
        "overseas_region_overseas_region_name": "Europe",
        "start_date": null,
        "end_date": null,
        "region": "Europe"
    },
    {
        "_id": 81,
        "reference_id": "CTHMTC00084",
        "name": "Fiji",
        "type": "Country",
        "iso1_code": "242",
        "iso2_code": "FJ",
        "iso3_code": "FJI",
        "overseas_region_overseas_region_name": "Asia Pacific",
        "start_date": null,
        "end_date": null,
        "region": "Asia Pacific"
    },
    {
        "_id": 82,
        "reference_id": "CTHMTC00085",
        "name": "Finland",
        "type": "Country",
        "iso1_code": "246",
        "iso2_code": "FI",
        "iso3_code": "FIN",
        "overseas_region_overseas_region_name": "Europe",
        "start_date": null,
        "end_date": null,
        "region": "Europe"
    },
    {
        "_id": 83,
        "reference_id": "CTHMTC00086",
        "name": "France",
        "type": "Country",
        "iso1_code": "250",
        "iso2_code": "FR",
        "iso3_code": "FRA",
        "overseas_region_overseas_region_name": "Europe",
        "start_date": null,
        "end_date": null,
        "region": "Europe"
    },
    {
        "_id": 84,
        "reference_id": "CTHMTC00087",
        "name": "French Guiana",
        "type": "Territory",
        "iso1_code": "254",
        "iso2_code": "GF",
        "iso3_code": "GUF",
        "overseas_region_overseas_region_name": "Latin America and Caribbean",
        "start_date": null,
        "end_date": null,
        "region": "Latin America and Caribbean"
    },
    {
        "_id": 85,
        "reference_id": "CTHMTC00088",
        "name": "French Polynesia",
        "type": "Territory",
        "iso1_code": "258",
        "iso2_code": "PF",
        "iso3_code": "PYF",
        "overseas_region_overseas_region_name": "Asia Pacific",
        "start_date": null,
        "end_date": null,
        "region": "Asia Pacific"
    },
    {
        "_id": 86,
        "reference_id": "CTHMTC00090",
        "name": "Fujairah",
        "type": "Territory",
        "iso1_code": "",
        "iso2_code": "AE-FU",
        "iso3_code": "",
        "overseas_region_overseas_region_name": "Middle East, Afghanistan and Pakistan",
        "start_date": null,
        "end_date": null,
        "region": "Middle East, Afghanistan and Pakistan"
    },
    {
        "_id": 87,
        "reference_id": "CTHMTC00091",
        "name": "Gabon",
        "type": "Country",
        "iso1_code": "266",
        "iso2_code": "GA",
        "iso3_code": "GAB",
        "overseas_region_overseas_region_name": "Africa",
        "start_date": null,
        "end_date": null,
        "region": "Africa"
    },
    {
        "_id": 88,
        "reference_id": "CTHMTC00092",
        "name": "Georgia",
        "type": "Country",
        "iso1_code": "268",
        "iso2_code": "GE",
        "iso3_code": "GEO",
        "overseas_region_overseas_region_name": "Eastern Europe and Central Asia",
        "start_date": "1991-04-09",
        "end_date": null,
        "region": "Eastern Europe and Central Asia"
    },
    {
        "_id": 89,
        "reference_id": "CTHMTC00093",
        "name": "Germany",
        "type": "Country",
        "iso1_code": "276",
        "iso2_code": "DE",
        "iso3_code": "DEU",
        "overseas_region_overseas_region_name": "Europe",
        "start_date": "1990-10-03",
        "end_date": null,
        "region": "Europe"
    },
    {
        "_id": 90,
        "reference_id": "CTHMTC00094",
        "name": "Ghana",
        "type": "Country",
        "iso1_code": "288",
        "iso2_code": "GH",
        "iso3_code": "GHA",
        "overseas_region_overseas_region_name": "Africa",
        "start_date": null,
        "end_date": null,
        "region": "Africa"
    },
    {
        "_id": 91,
        "reference_id": "CTHMTC00095",
        "name": "Gibraltar",
        "type": "Territory",
        "iso1_code": "292",
        "iso2_code": "GI",
        "iso3_code": "GIB",
        "overseas_region_overseas_region_name": "Europe",
        "start_date": null,
        "end_date": null,
        "region": "Europe"
    },
    {
        "_id": 92,
        "reference_id": "CTHMTC00096",
        "name": "Greece",
        "type": "Country",
        "iso1_code": "300",
        "iso2_code": "GR",
        "iso3_code": "GRC",
        "overseas_region_overseas_region_name": "Europe",
        "start_date": null,
        "end_date": null,
        "region": "Europe"
    },
    {
        "_id": 93,
        "reference_id": "CTHMTC00097",
        "name": "Greenland",
        "type": "Territory",
        "iso1_code": "304",
        "iso2_code": "GL",
        "iso3_code": "GRL",
        "overseas_region_overseas_region_name": "Europe",
        "start_date": null,
        "end_date": null,
        "region": "Europe"
    },
    {
        "_id": 94,
        "reference_id": "CTHMTC00098",
        "name": "Grenada",
        "type": "Country",
        "iso1_code": "308",
        "iso2_code": "GD",
        "iso3_code": "GRD",
        "overseas_region_overseas_region_name": "Latin America and Caribbean",
        "start_date": "1974-02-07",
        "end_date": null,
        "region": "Latin America and Caribbean"
    },
    {
        "_id": 95,
        "reference_id": "CTHMTC00099",
        "name": "Guadeloupe",
        "type": "Territory",
        "iso1_code": "312",
        "iso2_code": "GP",
        "iso3_code": "GLP",
        "overseas_region_overseas_region_name": "Latin America and Caribbean",
        "start_date": null,
        "end_date": null,
        "region": "Latin America and Caribbean"
    },
    {
        "_id": 96,
        "reference_id": "CTHMTC00100",
        "name": "Guam",
        "type": "Territory",
        "iso1_code": "316",
        "iso2_code": "GU",
        "iso3_code": "GUM",
        "overseas_region_overseas_region_name": "Asia Pacific",
        "start_date": null,
        "end_date": null,
        "region": "Asia Pacific"
    },
    {
        "_id": 97,
        "reference_id": "CTHMTC00101",
        "name": "Guatemala",
        "type": "Country",
        "iso1_code": "320",
        "iso2_code": "GT",
        "iso3_code": "GTM",
        "overseas_region_overseas_region_name": "Latin America and Caribbean",
        "start_date": null,
        "end_date": null,
        "region": "Latin America and Caribbean"
    },
    {
        "_id": 98,
        "reference_id": "CTHMTC00102",
        "name": "Guernsey",
        "type": "Territory",
        "iso1_code": "831",
        "iso2_code": "GG",
        "iso3_code": "GGY",
        "overseas_region_overseas_region_name": "Europe",
        "start_date": null,
        "end_date": null,
        "region": "Europe"
    },
    {
        "_id": 99,
        "reference_id": "CTHMTC00103",
        "name": "Guinea",
        "type": "Country",
        "iso1_code": "324",
        "iso2_code": "GN",
        "iso3_code": "GIN",
        "overseas_region_overseas_region_name": "Africa",
        "start_date": null,
        "end_date": null,
        "region": "Africa"
    },
    {
        "_id": 100,
        "reference_id": "CTHMTC00104",
        "name": "Guinea-Bissau",
        "type": "Country",
        "iso1_code": "624",
        "iso2_code": "GW",
        "iso3_code": "GNB",
        "overseas_region_overseas_region_name": "Africa",
        "start_date": null,
        "end_date": null,
        "region": "Africa"
    },
    {
        "_id": 101,
        "reference_id": "CTHMTC00105",
        "name": "Guyana",
        "type": "Country",
        "iso1_code": "328",
        "iso2_code": "GY",
        "iso3_code": "GUY",
        "overseas_region_overseas_region_name": "Latin America and Caribbean",
        "start_date": null,
        "end_date": null,
        "region": "Latin America and Caribbean"
    },
    {
        "_id": 102,
        "reference_id": "CTHMTC00106",
        "name": "Haiti",
        "type": "Country",
        "iso1_code": "332",
        "iso2_code": "HT",
        "iso3_code": "HTI",
        "overseas_region_overseas_region_name": "Latin America and Caribbean",
        "start_date": null,
        "end_date": null,
        "region": "Latin America and Caribbean"
    },
    {
        "_id": 103,
        "reference_id": "CTHMTC00108",
        "name": "Honduras",
        "type": "Country",
        "iso1_code": "340",
        "iso2_code": "HN",
        "iso3_code": "HND",
        "overseas_region_overseas_region_name": "Latin America and Caribbean",
        "start_date": null,
        "end_date": null,
        "region": "Latin America and Caribbean"
    },
    {
        "_id": 104,
        "reference_id": "CTHMTC00109",
        "name": "Hong Kong",
        "type": "Territory",
        "iso1_code": "344",
        "iso2_code": "HK",
        "iso3_code": "HKG",
        "overseas_region_overseas_region_name": "China and Hong Kong",
        "start_date": null,
        "end_date": null,
        "region": "China and Hong Kong"
    },
    {
        "_id": 105,
        "reference_id": "CTHMTC00110",
        "name": "Howland Island",
        "type": "Territory",
        "iso1_code": "",
        "iso2_code": "UM-84",
        "iso3_code": "",
        "overseas_region_overseas_region_name": "North America",
        "start_date": null,
        "end_date": null,
        "region": "North America"
    },
    {
        "_id": 106,
        "reference_id": "CTHMTC00111",
        "name": "Hungary",
        "type": "Country",
        "iso1_code": "348",
        "iso2_code": "HU",
        "iso3_code": "HUN",
        "overseas_region_overseas_region_name": "Europe",
        "start_date": null,
        "end_date": null,
        "region": "Europe"
    },
    {
        "_id": 107,
        "reference_id": "CTHMTC00112",
        "name": "Iceland",
        "type": "Country",
        "iso1_code": "352",
        "iso2_code": "IS",
        "iso3_code": "ISL",
        "overseas_region_overseas_region_name": "Europe",
        "start_date": null,
        "end_date": null,
        "region": "Europe"
    },
    {
        "_id": 108,
        "reference_id": "CTHMTC00113",
        "name": "India",
        "type": "Country",
        "iso1_code": "356",
        "iso2_code": "IN",
        "iso3_code": "IND",
        "overseas_region_overseas_region_name": "South Asia",
        "start_date": null,
        "end_date": null,
        "region": "South Asia"
    },
    {
        "_id": 109,
        "reference_id": "CTHMTC00114",
        "name": "Indonesia",
        "type": "Country",
        "iso1_code": "360",
        "iso2_code": "ID",
        "iso3_code": "IDN",
        "overseas_region_overseas_region_name": "Asia Pacific",
        "start_date": null,
        "end_date": null,
        "region": "Asia Pacific"
    },
    {
        "_id": 110,
        "reference_id": "CTHMTC00115",
        "name": "Iran",
        "type": "Country",
        "iso1_code": "364",
        "iso2_code": "IR",
        "iso3_code": "IRN",
        "overseas_region_overseas_region_name": "Middle East, Afghanistan and Pakistan",
        "start_date": null,
        "end_date": null,
        "region": "Middle East, Afghanistan and Pakistan"
    },
    {
        "_id": 111,
        "reference_id": "CTHMTC00116",
        "name": "Iraq",
        "type": "Country",
        "iso1_code": "368",
        "iso2_code": "IQ",
        "iso3_code": "IRQ",
        "overseas_region_overseas_region_name": "Middle East, Afghanistan and Pakistan",
        "start_date": null,
        "end_date": null,
        "region": "Middle East, Afghanistan and Pakistan"
    },
    {
        "_id": 112,
        "reference_id": "CTHMTC00117",
        "name": "Ireland",
        "type": "Country",
        "iso1_code": "372",
        "iso2_code": "IE",
        "iso3_code": "IRL",
        "overseas_region_overseas_region_name": "Europe",
        "start_date": null,
        "end_date": null,
        "region": "Europe"
    },
    {
        "_id": 113,
        "reference_id": "CTHMTC00118",
        "name": "Isle of Man",
        "type": "Territory",
        "iso1_code": "833",
        "iso2_code": "IM",
        "iso3_code": "IMN",
        "overseas_region_overseas_region_name": "Europe",
        "start_date": null,
        "end_date": null,
        "region": "Europe"
    },
    {
        "_id": 114,
        "reference_id": "CTHMTC00119",
        "name": "Israel",
        "type": "Country",
        "iso1_code": "376",
        "iso2_code": "IL",
        "iso3_code": "ISR",
        "overseas_region_overseas_region_name": "Europe",
        "start_date": null,
        "end_date": null,
        "region": "Europe"
    },
    {
        "_id": 115,
        "reference_id": "CTHMTC00120",
        "name": "Italy",
        "type": "Country",
        "iso1_code": "380",
        "iso2_code": "IT",
        "iso3_code": "ITA",
        "overseas_region_overseas_region_name": "Europe",
        "start_date": null,
        "end_date": null,
        "region": "Europe"
    },
    {
        "_id": 116,
        "reference_id": "CTHMTC00121",
        "name": "Ivory Coast",
        "type": "Country",
        "iso1_code": "384",
        "iso2_code": "CI",
        "iso3_code": "CIV",
        "overseas_region_overseas_region_name": "Africa",
        "start_date": null,
        "end_date": null,
        "region": "Africa"
    },
    {
        "_id": 117,
        "reference_id": "CTHMTC00122",
        "name": "Jamaica",
        "type": "Country",
        "iso1_code": "388",
        "iso2_code": "JM",
        "iso3_code": "JAM",
        "overseas_region_overseas_region_name": "Latin America and Caribbean",
        "start_date": null,
        "end_date": null,
        "region": "Latin America and Caribbean"
    },
    {
        "_id": 118,
        "reference_id": "CTHMTC00123",
        "name": "Japan",
        "type": "Country",
        "iso1_code": "392",
        "iso2_code": "JP",
        "iso3_code": "JPN",
        "overseas_region_overseas_region_name": "Asia Pacific",
        "start_date": null,
        "end_date": null,
        "region": "Asia Pacific"
    },
    {
        "_id": 119,
        "reference_id": "CTHMTC00124",
        "name": "Jarvis Island",
        "type": "Territory",
        "iso1_code": "",
        "iso2_code": "UM-86",
        "iso3_code": "",
        "overseas_region_overseas_region_name": "North America",
        "start_date": null,
        "end_date": null,
        "region": "North America"
    },
    {
        "_id": 120,
        "reference_id": "CTHMTC00125",
        "name": "Jersey",
        "type": "Territory",
        "iso1_code": "832",
        "iso2_code": "JE",
        "iso3_code": "JEY",
        "overseas_region_overseas_region_name": "Europe",
        "start_date": null,
        "end_date": null,
        "region": "Europe"
    },
    {
        "_id": 121,
        "reference_id": "CTHMTC00126",
        "name": "Johnston Atoll",
        "type": "Territory",
        "iso1_code": "",
        "iso2_code": "UM-67",
        "iso3_code": "",
        "overseas_region_overseas_region_name": "North America",
        "start_date": null,
        "end_date": null,
        "region": "North America"
    },
    {
        "_id": 122,
        "reference_id": "CTHMTC00127",
        "name": "Jordan",
        "type": "Country",
        "iso1_code": "400",
        "iso2_code": "JO",
        "iso3_code": "JOR",
        "overseas_region_overseas_region_name": "Middle East, Afghanistan and Pakistan",
        "start_date": null,
        "end_date": null,
        "region": "Middle East, Afghanistan and Pakistan"
    },
    {
        "_id": 123,
        "reference_id": "CTHMTC00128",
        "name": "Kazakhstan",
        "type": "Country",
        "iso1_code": "398",
        "iso2_code": "KZ",
        "iso3_code": "KAZ",
        "overseas_region_overseas_region_name": "Eastern Europe and Central Asia",
        "start_date": "1991-12-16",
        "end_date": null,
        "region": "Eastern Europe and Central Asia"
    },
    {
        "_id": 124,
        "reference_id": "CTHMTC00129",
        "name": "Kenya",
        "type": "Country",
        "iso1_code": "404",
        "iso2_code": "KE",
        "iso3_code": "KEN",
        "overseas_region_overseas_region_name": "Africa",
        "start_date": null,
        "end_date": null,
        "region": "Africa"
    },
    {
        "_id": 125,
        "reference_id": "CTHMTC00130",
        "name": "Kingman Reef",
        "type": "Territory",
        "iso1_code": "",
        "iso2_code": "UM-89",
        "iso3_code": "",
        "overseas_region_overseas_region_name": "North America",
        "start_date": null,
        "end_date": null,
        "region": "North America"
    },
    {
        "_id": 126,
        "reference_id": "CTHMTC00131",
        "name": "Kiribati",
        "type": "Country",
        "iso1_code": "296",
        "iso2_code": "KI",
        "iso3_code": "KIR",
        "overseas_region_overseas_region_name": "Asia Pacific",
        "start_date": "1979-07-12",
        "end_date": null,
        "region": "Asia Pacific"
    },
    {
        "_id": 127,
        "reference_id": "CTHMTC00132",
        "name": "Kosovo",
        "type": "Country",
        "iso1_code": "",
        "iso2_code": "XK",
        "iso3_code": "",
        "overseas_region_overseas_region_name": "Europe",
        "start_date": null,
        "end_date": null,
        "region": "Europe"
    },
    {
        "_id": 128,
        "reference_id": "CTHMTC00133",
        "name": "Kuwait",
        "type": "Country",
        "iso1_code": "414",
        "iso2_code": "KW",
        "iso3_code": "KWT",
        "overseas_region_overseas_region_name": "Middle East, Afghanistan and Pakistan",
        "start_date": null,
        "end_date": null,
        "region": "Middle East, Afghanistan and Pakistan"
    },
    {
        "_id": 129,
        "reference_id": "CTHMTC00134",
        "name": "Kyrgyzstan",
        "type": "Country",
        "iso1_code": "417",
        "iso2_code": "KG",
        "iso3_code": "KGZ",
        "overseas_region_overseas_region_name": "Eastern Europe and Central Asia",
        "start_date": "1991-08-31",
        "end_date": null,
        "region": "Eastern Europe and Central Asia"
    },
    {
        "_id": 130,
        "reference_id": "CTHMTC00135",
        "name": "Laos",
        "type": "Country",
        "iso1_code": "418",
        "iso2_code": "LA",
        "iso3_code": "LAO",
        "overseas_region_overseas_region_name": "Asia Pacific",
        "start_date": null,
        "end_date": null,
        "region": "Asia Pacific"
    },
    {
        "_id": 131,
        "reference_id": "CTHMTC00136",
        "name": "Latvia",
        "type": "Country",
        "iso1_code": "428",
        "iso2_code": "LV",
        "iso3_code": "LVA",
        "overseas_region_overseas_region_name": "Europe",
        "start_date": "1990-05-04",
        "end_date": null,
        "region": "Europe"
    },
    {
        "_id": 132,
        "reference_id": "CTHMTC00137",
        "name": "Lebanon",
        "type": "Country",
        "iso1_code": "422",
        "iso2_code": "LB",
        "iso3_code": "LBN",
        "overseas_region_overseas_region_name": "Middle East, Afghanistan and Pakistan",
        "start_date": null,
        "end_date": null,
        "region": "Middle East, Afghanistan and Pakistan"
    },
    {
        "_id": 133,
        "reference_id": "CTHMTC00138",
        "name": "Lesotho",
        "type": "Country",
        "iso1_code": "426",
        "iso2_code": "LS",
        "iso3_code": "LSO",
        "overseas_region_overseas_region_name": "Africa",
        "start_date": null,
        "end_date": null,
        "region": "Africa"
    },
    {
        "_id": 134,
        "reference_id": "CTHMTC00139",
        "name": "Liberia",
        "type": "Country",
        "iso1_code": "430",
        "iso2_code": "LR",
        "iso3_code": "LBR",
        "overseas_region_overseas_region_name": "Africa",
        "start_date": null,
        "end_date": null,
        "region": "Africa"
    },
    {
        "_id": 135,
        "reference_id": "CTHMTC00140",
        "name": "Libya",
        "type": "Country",
        "iso1_code": "434",
        "iso2_code": "LY",
        "iso3_code": "LBY",
        "overseas_region_overseas_region_name": "Africa",
        "start_date": null,
        "end_date": null,
        "region": "Africa"
    },
    {
        "_id": 136,
        "reference_id": "CTHMTC00141",
        "name": "Liechtenstein",
        "type": "Country",
        "iso1_code": "438",
        "iso2_code": "LI",
        "iso3_code": "LIE",
        "overseas_region_overseas_region_name": "Europe",
        "start_date": null,
        "end_date": null,
        "region": "Europe"
    },
    {
        "_id": 137,
        "reference_id": "CTHMTC00142",
        "name": "Lithuania",
        "type": "Country",
        "iso1_code": "440",
        "iso2_code": "LT",
        "iso3_code": "LTU",
        "overseas_region_overseas_region_name": "Europe",
        "start_date": "1990-03-11",
        "end_date": null,
        "region": "Europe"
    },
    {
        "_id": 138,
        "reference_id": "CTHMTC00143",
        "name": "Luxembourg",
        "type": "Country",
        "iso1_code": "442",
        "iso2_code": "LU",
        "iso3_code": "LUX",
        "overseas_region_overseas_region_name": "Europe",
        "start_date": null,
        "end_date": null,
        "region": "Europe"
    },
    {
        "_id": 139,
        "reference_id": "CTHMTC00144",
        "name": "Macao",
        "type": "Territory",
        "iso1_code": "446",
        "iso2_code": "MO",
        "iso3_code": "MAC",
        "overseas_region_overseas_region_name": "China and Hong Kong",
        "start_date": null,
        "end_date": null,
        "region": "China and Hong Kong"
    },
    {
        "_id": 140,
        "reference_id": "CTHMTC00145",
        "name": "Madagascar",
        "type": "Country",
        "iso1_code": "450",
        "iso2_code": "MG",
        "iso3_code": "MDG",
        "overseas_region_overseas_region_name": "Africa",
        "start_date": null,
        "end_date": null,
        "region": "Africa"
    },
    {
        "_id": 141,
        "reference_id": "CTHMTC00146",
        "name": "Malawi",
        "type": "Country",
        "iso1_code": "454",
        "iso2_code": "MW",
        "iso3_code": "MWI",
        "overseas_region_overseas_region_name": "Africa",
        "start_date": null,
        "end_date": null,
        "region": "Africa"
    },
    {
        "_id": 142,
        "reference_id": "CTHMTC00147",
        "name": "Malaysia",
        "type": "Country",
        "iso1_code": "458",
        "iso2_code": "MY",
        "iso3_code": "MYS",
        "overseas_region_overseas_region_name": "Asia Pacific",
        "start_date": null,
        "end_date": null,
        "region": "Asia Pacific"
    },
    {
        "_id": 143,
        "reference_id": "CTHMTC00148",
        "name": "Maldives",
        "type": "Country",
        "iso1_code": "462",
        "iso2_code": "MV",
        "iso3_code": "MDV",
        "overseas_region_overseas_region_name": "South Asia",
        "start_date": null,
        "end_date": null,
        "region": "South Asia"
    },
    {
        "_id": 144,
        "reference_id": "CTHMTC00149",
        "name": "Mali",
        "type": "Country",
        "iso1_code": "466",
        "iso2_code": "ML",
        "iso3_code": "MLI",
        "overseas_region_overseas_region_name": "Africa",
        "start_date": null,
        "end_date": null,
        "region": "Africa"
    },
    {
        "_id": 145,
        "reference_id": "CTHMTC00150",
        "name": "Malta",
        "type": "Country",
        "iso1_code": "470",
        "iso2_code": "MT",
        "iso3_code": "MLT",
        "overseas_region_overseas_region_name": "Europe",
        "start_date": null,
        "end_date": null,
        "region": "Europe"
    },
    {
        "_id": 146,
        "reference_id": "CTHMTC00151",
        "name": "Marshall Islands",
        "type": "Country",
        "iso1_code": "584",
        "iso2_code": "MH",
        "iso3_code": "MHL",
        "overseas_region_overseas_region_name": "Asia Pacific",
        "start_date": "1986-10-21",
        "end_date": null,
        "region": "Asia Pacific"
    },
    {
        "_id": 147,
        "reference_id": "CTHMTC00152",
        "name": "Martinique",
        "type": "Territory",
        "iso1_code": "474",
        "iso2_code": "MQ",
        "iso3_code": "MTQ",
        "overseas_region_overseas_region_name": "Latin America and Caribbean",
        "start_date": null,
        "end_date": null,
        "region": "Latin America and Caribbean"
    },
    {
        "_id": 148,
        "reference_id": "CTHMTC00153",
        "name": "Mauritania",
        "type": "Country",
        "iso1_code": "478",
        "iso2_code": "MR",
        "iso3_code": "MRT",
        "overseas_region_overseas_region_name": "Africa",
        "start_date": null,
        "end_date": null,
        "region": "Africa"
    },
    {
        "_id": 149,
        "reference_id": "CTHMTC00154",
        "name": "Mauritius",
        "type": "Country",
        "iso1_code": "480",
        "iso2_code": "MU",
        "iso3_code": "MUS",
        "overseas_region_overseas_region_name": "Africa",
        "start_date": null,
        "end_date": null,
        "region": "Africa"
    },
    {
        "_id": 150,
        "reference_id": "CTHMTC00155",
        "name": "Mayotte",
        "type": "Territory",
        "iso1_code": "175",
        "iso2_code": "YT",
        "iso3_code": "MYT",
        "overseas_region_overseas_region_name": "Africa",
        "start_date": null,
        "end_date": null,
        "region": "Africa"
    },
    {
        "_id": 151,
        "reference_id": "CTHMTC00156",
        "name": "Melilla",
        "type": "Territory",
        "iso1_code": "",
        "iso2_code": "ES-ML",
        "iso3_code": "",
        "overseas_region_overseas_region_name": "Africa",
        "start_date": null,
        "end_date": null,
        "region": "Africa"
    },
    {
        "_id": 152,
        "reference_id": "CTHMTC00157",
        "name": "Mexico",
        "type": "Country",
        "iso1_code": "484",
        "iso2_code": "MX",
        "iso3_code": "MEX",
        "overseas_region_overseas_region_name": "Latin America and Caribbean",
        "start_date": null,
        "end_date": null,
        "region": "Latin America and Caribbean"
    },
    {
        "_id": 153,
        "reference_id": "CTHMTC00158",
        "name": "Micronesia",
        "type": "Country",
        "iso1_code": "583",
        "iso2_code": "FM",
        "iso3_code": "FSM",
        "overseas_region_overseas_region_name": "Asia Pacific",
        "start_date": "1986-11-03",
        "end_date": null,
        "region": "Asia Pacific"
    },
    {
        "_id": 154,
        "reference_id": "CTHMTC00159",
        "name": "Midway Islands",
        "type": "Territory",
        "iso1_code": "",
        "iso2_code": "UM-71",
        "iso3_code": "",
        "overseas_region_overseas_region_name": "North America",
        "start_date": null,
        "end_date": null,
        "region": "North America"
    },
    {
        "_id": 155,
        "reference_id": "CTHMTC00160",
        "name": "Moldova",
        "type": "Country",
        "iso1_code": "498",
        "iso2_code": "MD",
        "iso3_code": "MDA",
        "overseas_region_overseas_region_name": "Eastern Europe and Central Asia",
        "start_date": "1991-08-27",
        "end_date": null,
        "region": "Eastern Europe and Central Asia"
    },
    {
        "_id": 156,
        "reference_id": "CTHMTC00161",
        "name": "Monaco",
        "type": "Country",
        "iso1_code": "492",
        "iso2_code": "MC",
        "iso3_code": "MCO",
        "overseas_region_overseas_region_name": "Europe",
        "start_date": null,
        "end_date": null,
        "region": "Europe"
    },
    {
        "_id": 157,
        "reference_id": "CTHMTC00162",
        "name": "Mongolia",
        "type": "Country",
        "iso1_code": "496",
        "iso2_code": "MN",
        "iso3_code": "MNG",
        "overseas_region_overseas_region_name": "Eastern Europe and Central Asia",
        "start_date": null,
        "end_date": null,
        "region": "Eastern Europe and Central Asia"
    },
    {
        "_id": 158,
        "reference_id": "CTHMTC00163",
        "name": "Montenegro",
        "type": "Country",
        "iso1_code": "499",
        "iso2_code": "ME",
        "iso3_code": "MNE",
        "overseas_region_overseas_region_name": "Europe",
        "start_date": null,
        "end_date": null,
        "region": "Europe"
    },
    {
        "_id": 159,
        "reference_id": "CTHMTC00164",
        "name": "Montserrat",
        "type": "Territory",
        "iso1_code": "500",
        "iso2_code": "MS",
        "iso3_code": "MSR",
        "overseas_region_overseas_region_name": "Latin America and Caribbean",
        "start_date": null,
        "end_date": null,
        "region": "Latin America and Caribbean"
    },
    {
        "_id": 160,
        "reference_id": "CTHMTC00165",
        "name": "Morocco",
        "type": "Country",
        "iso1_code": "504",
        "iso2_code": "MA",
        "iso3_code": "MAR",
        "overseas_region_overseas_region_name": "Africa",
        "start_date": null,
        "end_date": null,
        "region": "Africa"
    },
    {
        "_id": 161,
        "reference_id": "CTHMTC00166",
        "name": "Mozambique",
        "type": "Country",
        "iso1_code": "508",
        "iso2_code": "MZ",
        "iso3_code": "MOZ",
        "overseas_region_overseas_region_name": "Africa",
        "start_date": "1975-06-25",
        "end_date": null,
        "region": "Africa"
    },
    {
        "_id": 162,
        "reference_id": "CTHMTC00167",
        "name": "Myanmar (Burma)",
        "type": "Country",
        "iso1_code": "104",
        "iso2_code": "MM",
        "iso3_code": "MMR",
        "overseas_region_overseas_region_name": "Asia Pacific",
        "start_date": null,
        "end_date": null,
        "region": "Asia Pacific"
    },
    {
        "_id": 163,
        "reference_id": "CTHMTC00168",
        "name": "Namibia",
        "type": "Country",
        "iso1_code": "516",
        "iso2_code": "NA",
        "iso3_code": "NAM",
        "overseas_region_overseas_region_name": "Africa",
        "start_date": "1980-03-21",
        "end_date": null,
        "region": "Africa"
    },
    {
        "_id": 164,
        "reference_id": "CTHMTC00169",
        "name": "Nauru",
        "type": "Country",
        "iso1_code": "520",
        "iso2_code": "NR",
        "iso3_code": "NRU",
        "overseas_region_overseas_region_name": "Asia Pacific",
        "start_date": null,
        "end_date": null,
        "region": "Asia Pacific"
    },
    {
        "_id": 165,
        "reference_id": "CTHMTC00170",
        "name": "Navassa Island",
        "type": "Territory",
        "iso1_code": "",
        "iso2_code": "UM-76",
        "iso3_code": "",
        "overseas_region_overseas_region_name": "Latin America and Caribbean",
        "start_date": null,
        "end_date": null,
        "region": "Latin America and Caribbean"
    },
    {
        "_id": 166,
        "reference_id": "CTHMTC00171",
        "name": "Nepal",
        "type": "Country",
        "iso1_code": "524",
        "iso2_code": "NP",
        "iso3_code": "NPL",
        "overseas_region_overseas_region_name": "South Asia",
        "start_date": null,
        "end_date": null,
        "region": "South Asia"
    },
    {
        "_id": 167,
        "reference_id": "CTHMTC00172",
        "name": "Netherlands",
        "type": "Country",
        "iso1_code": "528",
        "iso2_code": "NL",
        "iso3_code": "NLD",
        "overseas_region_overseas_region_name": "Europe",
        "start_date": null,
        "end_date": null,
        "region": "Europe"
    },
    {
        "_id": 168,
        "reference_id": "CTHMTC00173",
        "name": "New Caledonia",
        "type": "Territory",
        "iso1_code": "540",
        "iso2_code": "NC",
        "iso3_code": "NCL",
        "overseas_region_overseas_region_name": "Asia Pacific",
        "start_date": null,
        "end_date": null,
        "region": "Asia Pacific"
    },
    {
        "_id": 169,
        "reference_id": "CTHMTC00174",
        "name": "New Zealand",
        "type": "Country",
        "iso1_code": "554",
        "iso2_code": "NZ",
        "iso3_code": "NZL",
        "overseas_region_overseas_region_name": "Asia Pacific",
        "start_date": null,
        "end_date": null,
        "region": "Asia Pacific"
    },
    {
        "_id": 170,
        "reference_id": "CTHMTC00175",
        "name": "Nicaragua",
        "type": "Country",
        "iso1_code": "558",
        "iso2_code": "NI",
        "iso3_code": "NIC",
        "overseas_region_overseas_region_name": "Latin America and Caribbean",
        "start_date": null,
        "end_date": null,
        "region": "Latin America and Caribbean"
    },
    {
        "_id": 171,
        "reference_id": "CTHMTC00176",
        "name": "Niger",
        "type": "Country",
        "iso1_code": "562",
        "iso2_code": "NE",
        "iso3_code": "NER",
        "overseas_region_overseas_region_name": "Africa",
        "start_date": null,
        "end_date": null,
        "region": "Africa"
    },
    {
        "_id": 172,
        "reference_id": "CTHMTC00177",
        "name": "Nigeria",
        "type": "Country",
        "iso1_code": "566",
        "iso2_code": "NG",
        "iso3_code": "NGA",
        "overseas_region_overseas_region_name": "Africa",
        "start_date": null,
        "end_date": null,
        "region": "Africa"
    },
    {
        "_id": 173,
        "reference_id": "CTHMTC00178",
        "name": "Niue",
        "type": "Territory",
        "iso1_code": "570",
        "iso2_code": "NU",
        "iso3_code": "NIU",
        "overseas_region_overseas_region_name": "Asia Pacific",
        "start_date": null,
        "end_date": null,
        "region": "Asia Pacific"
    },
    {
        "_id": 174,
        "reference_id": "CTHMTC00179",
        "name": "Norfolk Island",
        "type": "Territory",
        "iso1_code": "574",
        "iso2_code": "NF",
        "iso3_code": "NFK",
        "overseas_region_overseas_region_name": "Asia Pacific",
        "start_date": null,
        "end_date": null,
        "region": "Asia Pacific"
    },
    {
        "_id": 175,
        "reference_id": "CTHMTC00182",
        "name": "Northern Mariana Islands",
        "type": "Territory",
        "iso1_code": "580",
        "iso2_code": "MP",
        "iso3_code": "MNP",
        "overseas_region_overseas_region_name": "Asia Pacific",
        "start_date": null,
        "end_date": null,
        "region": "Asia Pacific"
    },
    {
        "_id": 176,
        "reference_id": "CTHMTC00180",
        "name": "North Korea",
        "type": "Country",
        "iso1_code": "408",
        "iso2_code": "KP",
        "iso3_code": "PRK",
        "overseas_region_overseas_region_name": "Asia Pacific",
        "start_date": null,
        "end_date": null,
        "region": "Asia Pacific"
    },
    {
        "_id": 177,
        "reference_id": "CTHMTC00181",
        "name": "North Macedonia",
        "type": "Country",
        "iso1_code": "807",
        "iso2_code": "MK",
        "iso3_code": "MKD",
        "overseas_region_overseas_region_name": "Europe",
        "start_date": "1991-09-08",
        "end_date": null,
        "region": "Europe"
    },
    {
        "_id": 178,
        "reference_id": "CTHMTC00183",
        "name": "Norway",
        "type": "Country",
        "iso1_code": "578",
        "iso2_code": "NO",
        "iso3_code": "NOR",
        "overseas_region_overseas_region_name": "Europe",
        "start_date": null,
        "end_date": null,
        "region": "Europe"
    },
    {
        "_id": 179,
        "reference_id": "CTHMTC00184",
        "name": "Occupied Palestinian Territories",
        "type": "Territory",
        "iso1_code": "275",
        "iso2_code": "PS",
        "iso3_code": "PSE",
        "overseas_region_overseas_region_name": "Middle East, Afghanistan and Pakistan",
        "start_date": null,
        "end_date": null,
        "region": "Middle East, Afghanistan and Pakistan"
    },
    {
        "_id": 180,
        "reference_id": "CTHMTC00185",
        "name": "Oman",
        "type": "Country",
        "iso1_code": "512",
        "iso2_code": "OM",
        "iso3_code": "OMN",
        "overseas_region_overseas_region_name": "Middle East, Afghanistan and Pakistan",
        "start_date": null,
        "end_date": null,
        "region": "Middle East, Afghanistan and Pakistan"
    },
    {
        "_id": 181,
        "reference_id": "CTHMTC00186",
        "name": "Pakistan",
        "type": "Country",
        "iso1_code": "586",
        "iso2_code": "PK",
        "iso3_code": "PAK",
        "overseas_region_overseas_region_name": "Middle East, Afghanistan and Pakistan",
        "start_date": null,
        "end_date": null,
        "region": "Middle East, Afghanistan and Pakistan"
    },
    {
        "_id": 182,
        "reference_id": "CTHMTC00187",
        "name": "Palau",
        "type": "Country",
        "iso1_code": "585",
        "iso2_code": "PW",
        "iso3_code": "PLW",
        "overseas_region_overseas_region_name": "Asia Pacific",
        "start_date": "1994-10-01",
        "end_date": null,
        "region": "Asia Pacific"
    },
    {
        "_id": 183,
        "reference_id": "CTHMTC00188",
        "name": "Palmyra Atoll",
        "type": "Territory",
        "iso1_code": "",
        "iso2_code": "UM-95",
        "iso3_code": "",
        "overseas_region_overseas_region_name": "North America",
        "start_date": null,
        "end_date": null,
        "region": "North America"
    },
    {
        "_id": 184,
        "reference_id": "CTHMTC00189",
        "name": "Panama",
        "type": "Country",
        "iso1_code": "591",
        "iso2_code": "PA",
        "iso3_code": "PAN",
        "overseas_region_overseas_region_name": "Latin America and Caribbean",
        "start_date": null,
        "end_date": null,
        "region": "Latin America and Caribbean"
    },
    {
        "_id": 185,
        "reference_id": "CTHMTC00190",
        "name": "Papua New Guinea",
        "type": "Country",
        "iso1_code": "598",
        "iso2_code": "PG",
        "iso3_code": "PNG",
        "overseas_region_overseas_region_name": "Asia Pacific",
        "start_date": "1975-09-16",
        "end_date": null,
        "region": "Asia Pacific"
    },
    {
        "_id": 186,
        "reference_id": "CTHMTC00191",
        "name": "Paraguay",
        "type": "Country",
        "iso1_code": "600",
        "iso2_code": "PY",
        "iso3_code": "PRY",
        "overseas_region_overseas_region_name": "Latin America and Caribbean",
        "start_date": null,
        "end_date": null,
        "region": "Latin America and Caribbean"
    },
    {
        "_id": 187,
        "reference_id": "CTHMTC00192",
        "name": "Peru",
        "type": "Country",
        "iso1_code": "604",
        "iso2_code": "PE",
        "iso3_code": "PER",
        "overseas_region_overseas_region_name": "Latin America and Caribbean",
        "start_date": null,
        "end_date": null,
        "region": "Latin America and Caribbean"
    },
    {
        "_id": 188,
        "reference_id": "CTHMTC00193",
        "name": "Philippines",
        "type": "Country",
        "iso1_code": "608",
        "iso2_code": "PH",
        "iso3_code": "PHL",
        "overseas_region_overseas_region_name": "Asia Pacific",
        "start_date": null,
        "end_date": null,
        "region": "Asia Pacific"
    },
    {
        "_id": 189,
        "reference_id": "CTHMTC00194",
        "name": "Pitcairn, Henderson, Ducie and Oeno Islands",
        "type": "Territory",
        "iso1_code": "612",
        "iso2_code": "PN",
        "iso3_code": "PCN",
        "overseas_region_overseas_region_name": "Latin America and Caribbean",
        "start_date": null,
        "end_date": null,
        "region": "Latin America and Caribbean"
    },
    {
        "_id": 190,
        "reference_id": "CTHMTC00195",
        "name": "Poland",
        "type": "Country",
        "iso1_code": "616",
        "iso2_code": "PL",
        "iso3_code": "POL",
        "overseas_region_overseas_region_name": "Europe",
        "start_date": null,
        "end_date": null,
        "region": "Europe"
    },
    {
        "_id": 191,
        "reference_id": "CTHMTC00196",
        "name": "Portugal",
        "type": "Country",
        "iso1_code": "620",
        "iso2_code": "PT",
        "iso3_code": "PRT",
        "overseas_region_overseas_region_name": "Europe",
        "start_date": null,
        "end_date": null,
        "region": "Europe"
    },
    {
        "_id": 192,
        "reference_id": "CTHMTC00197",
        "name": "Puerto Rico",
        "type": "Territory",
        "iso1_code": "630",
        "iso2_code": "PR",
        "iso3_code": "PRI",
        "overseas_region_overseas_region_name": "North America",
        "start_date": null,
        "end_date": null,
        "region": "North America"
    },
    {
        "_id": 193,
        "reference_id": "CTHMTC00198",
        "name": "Qatar",
        "type": "Country",
        "iso1_code": "634",
        "iso2_code": "QA",
        "iso3_code": "QAT",
        "overseas_region_overseas_region_name": "Middle East, Afghanistan and Pakistan",
        "start_date": null,
        "end_date": null,
        "region": "Middle East, Afghanistan and Pakistan"
    },
    {
        "_id": 194,
        "reference_id": "CTHMTC00199",
        "name": "Ras al-Khaimah",
        "type": "Territory",
        "iso1_code": "",
        "iso2_code": "AE-RK",
        "iso3_code": "",
        "overseas_region_overseas_region_name": "Middle East, Afghanistan and Pakistan",
        "start_date": null,
        "end_date": null,
        "region": "Middle East, Afghanistan and Pakistan"
    },
    {
        "_id": 195,
        "reference_id": "CTHMTC00200",
        "name": "Réunion",
        "type": "Territory",
        "iso1_code": "638",
        "iso2_code": "RE",
        "iso3_code": "REU",
        "overseas_region_overseas_region_name": "Africa",
        "start_date": null,
        "end_date": null,
        "region": "Africa"
    },
    {
        "_id": 196,
        "reference_id": "CTHMTC00201",
        "name": "Romania",
        "type": "Country",
        "iso1_code": "642",
        "iso2_code": "RO",
        "iso3_code": "ROU",
        "overseas_region_overseas_region_name": "Europe",
        "start_date": null,
        "end_date": null,
        "region": "Europe"
    },
    {
        "_id": 197,
        "reference_id": "CTHMTC00202",
        "name": "Russia",
        "type": "Country",
        "iso1_code": "643",
        "iso2_code": "RU",
        "iso3_code": "RUS",
        "overseas_region_overseas_region_name": "Eastern Europe and Central Asia",
        "start_date": "1991-12-25",
        "end_date": null,
        "region": "Eastern Europe and Central Asia"
    },
    {
        "_id": 198,
        "reference_id": "CTHMTC00203",
        "name": "Rwanda",
        "type": "Country",
        "iso1_code": "646",
        "iso2_code": "RW",
        "iso3_code": "RWA",
        "overseas_region_overseas_region_name": "Africa",
        "start_date": null,
        "end_date": null,
        "region": "Africa"
    },
    {
        "_id": 199,
        "reference_id": "CTHMTC00204",
        "name": "Saba",
        "type": "Territory",
        "iso1_code": "",
        "iso2_code": "BQ-SA",
        "iso3_code": "",
        "overseas_region_overseas_region_name": "Latin America and Caribbean",
        "start_date": null,
        "end_date": null,
        "region": "Latin America and Caribbean"
    },
    {
        "_id": 200,
        "reference_id": "CTHMTC00205",
        "name": "Saint Barthélemy",
        "type": "Territory",
        "iso1_code": "652",
        "iso2_code": "BL",
        "iso3_code": "BLM",
        "overseas_region_overseas_region_name": "Latin America and Caribbean",
        "start_date": null,
        "end_date": null,
        "region": "Latin America and Caribbean"
    },
    {
        "_id": 201,
        "reference_id": "CTHMTC00206",
        "name": "Saint Helena",
        "type": "Territory",
        "iso1_code": "",
        "iso2_code": "SH-HL",
        "iso3_code": "",
        "overseas_region_overseas_region_name": "Africa",
        "start_date": null,
        "end_date": null,
        "region": "Africa"
    },
    {
        "_id": 202,
        "reference_id": "CTHMTC00208",
        "name": "Saint-Martin (French part)",
        "type": "Territory",
        "iso1_code": "663",
        "iso2_code": "MF",
        "iso3_code": "MAF",
        "overseas_region_overseas_region_name": "Latin America and Caribbean",
        "start_date": null,
        "end_date": null,
        "region": "Latin America and Caribbean"
    },
    {
        "_id": 203,
        "reference_id": "CTHMTC00207",
        "name": "Saint Pierre and Miquelon",
        "type": "Territory",
        "iso1_code": "666",
        "iso2_code": "PM",
        "iso3_code": "SPM",
        "overseas_region_overseas_region_name": "North America",
        "start_date": null,
        "end_date": null,
        "region": "North America"
    },
    {
        "_id": 204,
        "reference_id": "CTHMTC00209",
        "name": "Samoa",
        "type": "Country",
        "iso1_code": "882",
        "iso2_code": "WS",
        "iso3_code": "WSM",
        "overseas_region_overseas_region_name": "Asia Pacific",
        "start_date": null,
        "end_date": null,
        "region": "Asia Pacific"
    },
    {
        "_id": 205,
        "reference_id": "CTHMTC00210",
        "name": "San Marino",
        "type": "Country",
        "iso1_code": "674",
        "iso2_code": "SM",
        "iso3_code": "SMR",
        "overseas_region_overseas_region_name": "Europe",
        "start_date": null,
        "end_date": null,
        "region": "Europe"
    },
    {
        "_id": 206,
        "reference_id": "CTHMTC00211",
        "name": "Sao Tome and Principe",
        "type": "Country",
        "iso1_code": "678",
        "iso2_code": "ST",
        "iso3_code": "STP",
        "overseas_region_overseas_region_name": "Africa",
        "start_date": "1975-07-12",
        "end_date": null,
        "region": "Africa"
    },
    {
        "_id": 207,
        "reference_id": "CTHMTC00212",
        "name": "Saudi Arabia",
        "type": "Country",
        "iso1_code": "682",
        "iso2_code": "SA",
        "iso3_code": "SAU",
        "overseas_region_overseas_region_name": "Middle East, Afghanistan and Pakistan",
        "start_date": null,
        "end_date": null,
        "region": "Middle East, Afghanistan and Pakistan"
    },
    {
        "_id": 208,
        "reference_id": "CTHMTC00213",
        "name": "Senegal",
        "type": "Country",
        "iso1_code": "686",
        "iso2_code": "SN",
        "iso3_code": "SEN",
        "overseas_region_overseas_region_name": "Africa",
        "start_date": null,
        "end_date": null,
        "region": "Africa"
    },
    {
        "_id": 209,
        "reference_id": "CTHMTC00214",
        "name": "Serbia",
        "type": "Country",
        "iso1_code": "688",
        "iso2_code": "RS",
        "iso3_code": "SRB",
        "overseas_region_overseas_region_name": "Europe",
        "start_date": null,
        "end_date": null,
        "region": "Europe"
    },
    {
        "_id": 210,
        "reference_id": "CTHMTC00215",
        "name": "Seychelles",
        "type": "Country",
        "iso1_code": "690",
        "iso2_code": "SC",
        "iso3_code": "SYC",
        "overseas_region_overseas_region_name": "Africa",
        "start_date": "1976-06-29",
        "end_date": null,
        "region": "Africa"
    },
    {
        "_id": 211,
        "reference_id": "CTHMTC00216",
        "name": "Sharjah",
        "type": "Territory",
        "iso1_code": "",
        "iso2_code": "AE-SH",
        "iso3_code": "",
        "overseas_region_overseas_region_name": "Middle East, Afghanistan and Pakistan",
        "start_date": null,
        "end_date": null,
        "region": "Middle East, Afghanistan and Pakistan"
    },
    {
        "_id": 212,
        "reference_id": "CTHMTC00217",
        "name": "Sierra Leone",
        "type": "Country",
        "iso1_code": "694",
        "iso2_code": "SL",
        "iso3_code": "SLE",
        "overseas_region_overseas_region_name": "Africa",
        "start_date": null,
        "end_date": null,
        "region": "Africa"
    },
    {
        "_id": 213,
        "reference_id": "CTHMTC00218",
        "name": "Singapore",
        "type": "Country",
        "iso1_code": "702",
        "iso2_code": "SG",
        "iso3_code": "SGP",
        "overseas_region_overseas_region_name": "Asia Pacific",
        "start_date": null,
        "end_date": null,
        "region": "Asia Pacific"
    },
    {
        "_id": 214,
        "reference_id": "CTHMTC00219",
        "name": "Sint Eustatius",
        "type": "Territory",
        "iso1_code": "",
        "iso2_code": "BQ-SE",
        "iso3_code": "",
        "overseas_region_overseas_region_name": "Latin America and Caribbean",
        "start_date": null,
        "end_date": null,
        "region": "Latin America and Caribbean"
    },
    {
        "_id": 215,
        "reference_id": "CTHMTC00220",
        "name": "Sint Maarten (Dutch part)",
        "type": "Territory",
        "iso1_code": "534",
        "iso2_code": "SX",
        "iso3_code": "SXM",
        "overseas_region_overseas_region_name": "Latin America and Caribbean",
        "start_date": null,
        "end_date": null,
        "region": "Latin America and Caribbean"
    },
    {
        "_id": 216,
        "reference_id": "CTHMTC00221",
        "name": "Slovakia",
        "type": "Country",
        "iso1_code": "703",
        "iso2_code": "SK",
        "iso3_code": "SVK",
        "overseas_region_overseas_region_name": "Europe",
        "start_date": "1993-01-01",
        "end_date": null,
        "region": "Europe"
    },
    {
        "_id": 217,
        "reference_id": "CTHMTC00222",
        "name": "Slovenia",
        "type": "Country",
        "iso1_code": "705",
        "iso2_code": "SI",
        "iso3_code": "SVN",
        "overseas_region_overseas_region_name": "Europe",
        "start_date": "1991-06-25",
        "end_date": null,
        "region": "Europe"
    },
    {
        "_id": 218,
        "reference_id": "CTHMTC00223",
        "name": "Solomon Islands",
        "type": "Country",
        "iso1_code": "090",
        "iso2_code": "SB",
        "iso3_code": "SLB",
        "overseas_region_overseas_region_name": "Asia Pacific",
        "start_date": "1978-07-07",
        "end_date": null,
        "region": "Asia Pacific"
    },
    {
        "_id": 219,
        "reference_id": "CTHMTC00224",
        "name": "Somalia",
        "type": "Country",
        "iso1_code": "706",
        "iso2_code": "SO",
        "iso3_code": "SOM",
        "overseas_region_overseas_region_name": "Africa",
        "start_date": null,
        "end_date": null,
        "region": "Africa"
    },
    {
        "_id": 220,
        "reference_id": "CTHMTC00225",
        "name": "South Africa",
        "type": "Country",
        "iso1_code": "710",
        "iso2_code": "ZA",
        "iso3_code": "ZAF",
        "overseas_region_overseas_region_name": "Africa",
        "start_date": null,
        "end_date": null,
        "region": "Africa"
    },
    {
        "_id": 221,
        "reference_id": "CTHMTC00226",
        "name": "South Georgia and South Sandwich Islands",
        "type": "Territory",
        "iso1_code": "239",
        "iso2_code": "GS",
        "iso3_code": "SGS",
        "overseas_region_overseas_region_name": "Latin America and Caribbean",
        "start_date": null,
        "end_date": null,
        "region": "Latin America and Caribbean"
    },
    {
        "_id": 222,
        "reference_id": "CTHMTC00227",
        "name": "South Korea",
        "type": "Country",
        "iso1_code": "410",
        "iso2_code": "KR",
        "iso3_code": "KOR",
        "overseas_region_overseas_region_name": "Asia Pacific",
        "start_date": null,
        "end_date": null,
        "region": "Asia Pacific"
    },
    {
        "_id": 223,
        "reference_id": "CTHMTC00228",
        "name": "South Sudan",
        "type": "Country",
        "iso1_code": "728",
        "iso2_code": "SS",
        "iso3_code": "SSD",
        "overseas_region_overseas_region_name": "Africa",
        "start_date": "2011-07-09",
        "end_date": null,
        "region": "Africa"
    },
    {
        "_id": 224,
        "reference_id": "CTHMTC00229",
        "name": "Spain",
        "type": "Country",
        "iso1_code": "724",
        "iso2_code": "ES",
        "iso3_code": "ESP",
        "overseas_region_overseas_region_name": "Europe",
        "start_date": null,
        "end_date": null,
        "region": "Europe"
    },
    {
        "_id": 225,
        "reference_id": "CTHMTC00230",
        "name": "Sri Lanka",
        "type": "Country",
        "iso1_code": "144",
        "iso2_code": "LK",
        "iso3_code": "LKA",
        "overseas_region_overseas_region_name": "South Asia",
        "start_date": null,
        "end_date": null,
        "region": "South Asia"
    },
    {
        "_id": 226,
        "reference_id": "CTHMTC00231",
        "name": "St Kitts and Nevis",
        "type": "Country",
        "iso1_code": "659",
        "iso2_code": "KN",
        "iso3_code": "KNA",
        "overseas_region_overseas_region_name": "Latin America and Caribbean",
        "start_date": "1983-09-19",
        "end_date": null,
        "region": "Latin America and Caribbean"
    },
    {
        "_id": 227,
        "reference_id": "CTHMTC00232",
        "name": "St Lucia",
        "type": "Country",
        "iso1_code": "662",
        "iso2_code": "LC",
        "iso3_code": "LCA",
        "overseas_region_overseas_region_name": "Latin America and Caribbean",
        "start_date": "1979-02-22",
        "end_date": null,
        "region": "Latin America and Caribbean"
    },
    {
        "_id": 228,
        "reference_id": "CTHMTC00233",
        "name": "St Vincent",
        "type": "Country",
        "iso1_code": "670",
        "iso2_code": "VC",
        "iso3_code": "VCT",
        "overseas_region_overseas_region_name": "Latin America and Caribbean",
        "start_date": "1979-10-27",
        "end_date": null,
        "region": "Latin America and Caribbean"
    },
    {
        "_id": 229,
        "reference_id": "CTHMTC00234",
        "name": "Sudan",
        "type": "Country",
        "iso1_code": "729",
        "iso2_code": "SD",
        "iso3_code": "SDN",
        "overseas_region_overseas_region_name": "Africa",
        "start_date": null,
        "end_date": null,
        "region": "Africa"
    },
    {
        "_id": 230,
        "reference_id": "CTHMTC00235",
        "name": "Suriname",
        "type": "Country",
        "iso1_code": "740",
        "iso2_code": "SR",
        "iso3_code": "SUR",
        "overseas_region_overseas_region_name": "Latin America and Caribbean",
        "start_date": "1975-11-25",
        "end_date": null,
        "region": "Latin America and Caribbean"
    },
    {
        "_id": 231,
        "reference_id": "CTHMTC00236",
        "name": "Svalbard and Jan Mayen",
        "type": "Territory",
        "iso1_code": "744",
        "iso2_code": "SJ",
        "iso3_code": "SJM",
        "overseas_region_overseas_region_name": "Europe",
        "start_date": null,
        "end_date": null,
        "region": "Europe"
    },
    {
        "_id": 232,
        "reference_id": "CTHMTC00237",
        "name": "Sweden",
        "type": "Country",
        "iso1_code": "752",
        "iso2_code": "SE",
        "iso3_code": "SWE",
        "overseas_region_overseas_region_name": "Europe",
        "start_date": null,
        "end_date": null,
        "region": "Europe"
    },
    {
        "_id": 233,
        "reference_id": "CTHMTC00238",
        "name": "Switzerland",
        "type": "Country",
        "iso1_code": "756",
        "iso2_code": "CH",
        "iso3_code": "CHE",
        "overseas_region_overseas_region_name": "Europe",
        "start_date": null,
        "end_date": null,
        "region": "Europe"
    },
    {
        "_id": 234,
        "reference_id": "CTHMTC00239",
        "name": "Syria",
        "type": "Country",
        "iso1_code": "760",
        "iso2_code": "SY",
        "iso3_code": "SYR",
        "overseas_region_overseas_region_name": "Middle East, Afghanistan and Pakistan",
        "start_date": null,
        "end_date": null,
        "region": "Middle East, Afghanistan and Pakistan"
    },
    {
        "_id": 235,
        "reference_id": "CTHMTC00240",
        "name": "Taiwan",
        "type": "Territory",
        "iso1_code": "158",
        "iso2_code": "TW",
        "iso3_code": "TWN",
        "overseas_region_overseas_region_name": "Asia Pacific",
        "start_date": null,
        "end_date": null,
        "region": "Asia Pacific"
    },
    {
        "_id": 236,
        "reference_id": "CTHMTC00241",
        "name": "Tajikistan",
        "type": "Country",
        "iso1_code": "762",
        "iso2_code": "TJ",
        "iso3_code": "TJK",
        "overseas_region_overseas_region_name": "Eastern Europe and Central Asia",
        "start_date": "1991-09-09",
        "end_date": null,
        "region": "Eastern Europe and Central Asia"
    },
    {
        "_id": 237,
        "reference_id": "CTHMTC00242",
        "name": "Tanzania",
        "type": "Country",
        "iso1_code": "834",
        "iso2_code": "TZ",
        "iso3_code": "TZA",
        "overseas_region_overseas_region_name": "Africa",
        "start_date": null,
        "end_date": null,
        "region": "Africa"
    },
    {
        "_id": 238,
        "reference_id": "CTHMTC00243",
        "name": "Thailand",
        "type": "Country",
        "iso1_code": "764",
        "iso2_code": "TH",
        "iso3_code": "THA",
        "overseas_region_overseas_region_name": "Asia Pacific",
        "start_date": null,
        "end_date": null,
        "region": "Asia Pacific"
    },
    {
        "_id": 239,
        "reference_id": "CTHMTC00244",
        "name": "The Bahamas",
        "type": "Country",
        "iso1_code": "044",
        "iso2_code": "BS",
        "iso3_code": "BHS",
        "overseas_region_overseas_region_name": "Latin America and Caribbean",
        "start_date": null,
        "end_date": null,
        "region": "Latin America and Caribbean"
    },
    {
        "_id": 240,
        "reference_id": "CTHMTC00245",
        "name": "The Gambia",
        "type": "Country",
        "iso1_code": "270",
        "iso2_code": "GM",
        "iso3_code": "GMB",
        "overseas_region_overseas_region_name": "Africa",
        "start_date": null,
        "end_date": null,
        "region": "Africa"
    },
    {
        "_id": 241,
        "reference_id": "CTHMTC00246",
        "name": "Togo",
        "type": "Country",
        "iso1_code": "768",
        "iso2_code": "TG",
        "iso3_code": "TGO",
        "overseas_region_overseas_region_name": "Africa",
        "start_date": null,
        "end_date": null,
        "region": "Africa"
    },
    {
        "_id": 242,
        "reference_id": "CTHMTC00247",
        "name": "Tokelau",
        "type": "Territory",
        "iso1_code": "772",
        "iso2_code": "TK",
        "iso3_code": "TKL",
        "overseas_region_overseas_region_name": "Asia Pacific",
        "start_date": null,
        "end_date": null,
        "region": "Asia Pacific"
    },
    {
        "_id": 243,
        "reference_id": "CTHMTC00248",
        "name": "Tonga",
        "type": "Country",
        "iso1_code": "776",
        "iso2_code": "TO",
        "iso3_code": "TON",
        "overseas_region_overseas_region_name": "Asia Pacific",
        "start_date": null,
        "end_date": null,
        "region": "Asia Pacific"
    },
    {
        "_id": 244,
        "reference_id": "CTHMTC00249",
        "name": "Trinidad and Tobago",
        "type": "Country",
        "iso1_code": "780",
        "iso2_code": "TT",
        "iso3_code": "TTO",
        "overseas_region_overseas_region_name": "Latin America and Caribbean",
        "start_date": null,
        "end_date": null,
        "region": "Latin America and Caribbean"
    },
    {
        "_id": 245,
        "reference_id": "CTHMTC00250",
        "name": "Tristan da Cunha",
        "type": "Territory",
        "iso1_code": "",
        "iso2_code": "SH-TA",
        "iso3_code": "",
        "overseas_region_overseas_region_name": "Africa",
        "start_date": null,
        "end_date": null,
        "region": "Africa"
    },
    {
        "_id": 246,
        "reference_id": "CTHMTC00251",
        "name": "Tunisia",
        "type": "Country",
        "iso1_code": "788",
        "iso2_code": "TN",
        "iso3_code": "TUN",
        "overseas_region_overseas_region_name": "Africa",
        "start_date": null,
        "end_date": null,
        "region": "Africa"
    },
    {
        "_id": 247,
        "reference_id": "CTHMTC00252",
        "name": "Turkey",
        "type": "Country",
        "iso1_code": "792",
        "iso2_code": "TR",
        "iso3_code": "TUR",
        "overseas_region_overseas_region_name": "Eastern Europe and Central Asia",
        "start_date": null,
        "end_date": null,
        "region": "Eastern Europe and Central Asia"
    },
    {
        "_id": 248,
        "reference_id": "CTHMTC00253",
        "name": "Turkmenistan",
        "type": "Country",
        "iso1_code": "795",
        "iso2_code": "TM",
        "iso3_code": "TKM",
        "overseas_region_overseas_region_name": "Eastern Europe and Central Asia",
        "start_date": "1991-10-27",
        "end_date": null,
        "region": "Eastern Europe and Central Asia"
    },
    {
        "_id": 249,
        "reference_id": "CTHMTC00254",
        "name": "Turks and Caicos Islands",
        "type": "Territory",
        "iso1_code": "796",
        "iso2_code": "TC",
        "iso3_code": "TCA",
        "overseas_region_overseas_region_name": "Latin America and Caribbean",
        "start_date": null,
        "end_date": null,
        "region": "Latin America and Caribbean"
    },
    {
        "_id": 250,
        "reference_id": "CTHMTC00255",
        "name": "Tuvalu",
        "type": "Country",
        "iso1_code": "798",
        "iso2_code": "TV",
        "iso3_code": "TUV",
        "overseas_region_overseas_region_name": "Asia Pacific",
        "start_date": "1978-10-01",
        "end_date": null,
        "region": "Asia Pacific"
    },
    {
        "_id": 251,
        "reference_id": "CTHMTC00256",
        "name": "Uganda",
        "type": "Country",
        "iso1_code": "800",
        "iso2_code": "UG",
        "iso3_code": "UGA",
        "overseas_region_overseas_region_name": "Africa",
        "start_date": null,
        "end_date": null,
        "region": "Africa"
    },
    {
        "_id": 252,
        "reference_id": "CTHMTC00257",
        "name": "Ukraine",
        "type": "Country",
        "iso1_code": "804",
        "iso2_code": "UA",
        "iso3_code": "UKR",
        "overseas_region_overseas_region_name": "Eastern Europe and Central Asia",
        "start_date": "1991-08-24",
        "end_date": null,
        "region": "Eastern Europe and Central Asia"
    },
    {
        "_id": 253,
        "reference_id": "CTHMTC00258",
        "name": "Umm al-Quwain",
        "type": "Territory",
        "iso1_code": "",
        "iso2_code": "AE-UQ",
        "iso3_code": "",
        "overseas_region_overseas_region_name": "Middle East, Afghanistan and Pakistan",
        "start_date": null,
        "end_date": null,
        "region": "Middle East, Afghanistan and Pakistan"
    },
    {
        "_id": 254,
        "reference_id": "CTHMTC00259",
        "name": "United Arab Emirates",
        "type": "Country",
        "iso1_code": "784",
        "iso2_code": "AE",
        "iso3_code": "ARE",
        "overseas_region_overseas_region_name": "Middle East, Afghanistan and Pakistan",
        "start_date": null,
        "end_date": null,
        "region": "Middle East, Afghanistan and Pakistan"
    },
    {
        "_id": 269,
        "reference_id": "CTHMTC00260",
        "name": "United Kingdom",
        "type": "Country",
        "iso1_code": "826",
        "iso2_code": "GB",
        "iso3_code": "GBR",
        "overseas_region_overseas_region_name": null,
        "start_date": null,
        "end_date": null,
        "region": ""
    },
    {
        "_id": 255,
        "reference_id": "CTHMTC00261",
        "name": "United States",
        "type": "Country",
        "iso1_code": "840",
        "iso2_code": "US",
        "iso3_code": "USA",
        "overseas_region_overseas_region_name": "North America",
        "start_date": null,
        "end_date": null,
        "region": "North America"
    },
    {
        "_id": 256,
        "reference_id": "CTHMTC00262",
        "name": "United States Virgin Islands",
        "type": "Territory",
        "iso1_code": "850",
        "iso2_code": "VI",
        "iso3_code": "VIR",
        "overseas_region_overseas_region_name": "Latin America and Caribbean",
        "start_date": null,
        "end_date": null,
        "region": "Latin America and Caribbean"
    },
    {
        "_id": 257,
        "reference_id": "CTHMTC00263",
        "name": "Uruguay",
        "type": "Country",
        "iso1_code": "858",
        "iso2_code": "UY",
        "iso3_code": "URY",
        "overseas_region_overseas_region_name": "Latin America and Caribbean",
        "start_date": null,
        "end_date": null,
        "region": "Latin America and Caribbean"
    },
    {
        "_id": 258,
        "reference_id": "CTHMTC00264",
        "name": "Uzbekistan",
        "type": "Country",
        "iso1_code": "860",
        "iso2_code": "UZ",
        "iso3_code": "UZB",
        "overseas_region_overseas_region_name": "Eastern Europe and Central Asia",
        "start_date": "1991-09-01",
        "end_date": null,
        "region": "Eastern Europe and Central Asia"
    },
    {
        "_id": 259,
        "reference_id": "CTHMTC00265",
        "name": "Vanuatu",
        "type": "Country",
        "iso1_code": "548",
        "iso2_code": "VU",
        "iso3_code": "VUT",
        "overseas_region_overseas_region_name": "Asia Pacific",
        "start_date": "1980-07-30",
        "end_date": null,
        "region": "Asia Pacific"
    },
    {
        "_id": 260,
        "reference_id": "CTHMTC00266",
        "name": "Vatican City",
        "type": "Country",
        "iso1_code": "336",
        "iso2_code": "VA",
        "iso3_code": "VAT",
        "overseas_region_overseas_region_name": "Europe",
        "start_date": null,
        "end_date": null,
        "region": "Europe"
    },
    {
        "_id": 261,
        "reference_id": "CTHMTC00267",
        "name": "Venezuela",
        "type": "Country",
        "iso1_code": "862",
        "iso2_code": "VE",
        "iso3_code": "VEN",
        "overseas_region_overseas_region_name": "Latin America and Caribbean",
        "start_date": null,
        "end_date": null,
        "region": "Latin America and Caribbean"
    },
    {
        "_id": 262,
        "reference_id": "CTHMTC00268",
        "name": "Vietnam",
        "type": "Country",
        "iso1_code": "704",
        "iso2_code": "VN",
        "iso3_code": "VNM",
        "overseas_region_overseas_region_name": "Asia Pacific",
        "start_date": null,
        "end_date": null,
        "region": "Asia Pacific"
    },
    {
        "_id": 263,
        "reference_id": "CTHMTC00269",
        "name": "Wake Island",
        "type": "Territory",
        "iso1_code": "",
        "iso2_code": "UM-79",
        "iso3_code": "",
        "overseas_region_overseas_region_name": "Asia Pacific",
        "start_date": null,
        "end_date": null,
        "region": "Asia Pacific"
    },
    {
        "_id": 264,
        "reference_id": "CTHMTC00270",
        "name": "Wallis and Futuna",
        "type": "Territory",
        "iso1_code": "876",
        "iso2_code": "WF",
        "iso3_code": "WLF",
        "overseas_region_overseas_region_name": "Asia Pacific",
        "start_date": null,
        "end_date": null,
        "region": "Asia Pacific"
    },
    {
        "_id": 265,
        "reference_id": "CTHMTC00271",
        "name": "Western Sahara",
        "type": "Territory",
        "iso1_code": "732",
        "iso2_code": "EH",
        "iso3_code": "ESH",
        "overseas_region_overseas_region_name": "Africa",
        "start_date": null,
        "end_date": null,
        "region": "Africa"
    },
    {
        "_id": 266,
        "reference_id": "CTHMTC00272",
        "name": "Yemen",
        "type": "Country",
        "iso1_code": "887",
        "iso2_code": "YE",
        "iso3_code": "YEM",
        "overseas_region_overseas_region_name": "Middle East, Afghanistan and Pakistan",
        "start_date": "1990-05-22",
        "end_date": null,
        "region": "Middle East, Afghanistan and Pakistan"
    },
    {
        "_id": 267,
        "reference_id": "CTHMTC00273",
        "name": "Zambia",
        "type": "Country",
        "iso1_code": "894",
        "iso2_code": "ZM",
        "iso3_code": "ZMB",
        "overseas_region_overseas_region_name": "Africa",
        "start_date": null,
        "end_date": null,
        "region": "Africa"
    },
    {
        "_id": 268,
        "reference_id": "CTHMTC00274",
        "name": "Zimbabwe",
        "type": "Country",
        "iso1_code": "716",
        "iso2_code": "ZW",
        "iso3_code": "ZWE",
        "overseas_region_overseas_region_name": "Africa",
        "start_date": "1980-04-18",
        "end_date": null,
        "region": "Africa"
    }]
}