app_number,id,number,employees,mobile_number,email_address,website,linkedin_url,facebook_url,twitter_url,name,expertise_products_services,expertise_industries,expertise_regions,expertise_languages
81,2502,4871660,0 - 19,7917048779,michael.millward@abeceder.co.uk,https://www.abeceder.co.uk,,,,Abeceder Limited,"{""Human Resources"":[""Employment and talent search"",""Salary benchmarking and employee benefits"",""Staff onboarding (including new starter support and contracts of employment)""],""Business Support"":[""Business relocation"",""Planning consultants"",""Staff and family relocation relocation (including schooling for children)""]}","[""ADVANCED_MANUFACTURING"",""AGRICULTURE"",""HORTICULTURE_AND_FISHERIES"",""BIOTECHNOLOGY_AND_PHARMACEUTICALS"",""BUSINESS_AND_CONSUMER_SERVICES"",""CHEMICALS"",""CLOTHING"",""FOOTWEAR_AND_FASHION"",""COMMUNICATIONS"",""CONSTRUCTION"",""CREATIVE_AND_MEDIA"",""EDUCATION_AND_TRAINING"",""ELECTRONICS_AND_IT_HARDWARE"",""ENVIRONMENT"",""FINANCIAL_AND_PROFESSIONAL_SERVICES"",""FOOD_AND_DRINK"",""HEALTHCARE_AND_MEDICAL"",""HOUSEHOLD_GOODS"",""FURNITURE_AND_FURNISHINGS"",""LIFE_SCIENCES"",""LEISURE_AND_TOURISM"",""LEGAL_SERVICES"",""MECHANICAL_ELECTRICAL_AND_PROCESS_ENGINEERING"",""METALLURGICAL_PROCESS_PLANT"",""METALS"",""MINERALS_AND_MATERIALS"",""MINING"",""OIL_AND_GAS"",""RETAIL_AND_LUXURY"",""SECURITY"",""SOFTWARE_AND_COMPUTER_SERVICES"",""TEXTILES"",""INTERIOR_TEXTILES_AND_CARPETS"",""WATER""]","["" LONDON"","" NORTH_WEST"",""NORTH_EAST"",""MIDLANDS"","" SOUTH_WEST"","" SOUTH_EAST""]","[""EN"",""FR"",""PT"",""DE"",""AR"",""GR""]"
22,4567,9568439,0 - 19,2078460076,client.services@storm-7.com,www.storm-7.com,https://www.linkedin.com/company/storm-7-consulting-ltd/?originalSubdomain=uk,,,Storm-7 Consulting Limited,"{""Management Consulting"":[""Business Development"",""Commercial/pricing strategy"",""Risk consultation""],""Legal"":[""Company incorporation"",""Immigration""]}","[""BUSINESS_AND_CONSUMER_SERVICES"",""COMMUNICATIONS"",""CREATIVE_AND_MEDIA"",""EDUCATION_AND_TRAINING"",""ENVIRONMENT"",""FINANCIAL_AND_PROFESSIONAL_SERVICES"",""LEGAL_SERVICES"",""RENEWABLE_ENERGY"",""SOFTWARE_AND_COMPUTER_SERVICES""]","["" LONDON"","" NORTH_WEST""]","[""EN"",""ES"",""DE""]"
110,6146,OC352466,50 - 99,44 207 478 9010,pdm@sherrards.com,www.sherrards.com,https://uk.linkedin.com/company/sherrards-solicitors,,,Sherrards Solicitors LLP,"{""Legal"":[""Company incorporation"",""Employment"",""Immigration""],""Business Support"":[""Business relocation"",""Planning consultants"",""Staff and family relocation relocation (including schooling for children)""]}","[""FINANCIAL_AND_PROFESSIONAL_SERVICES"",""LEGAL_SERVICES""]","["" LONDON"","" NORTH_WEST"",""NORTH_EAST"",""MIDLANDS"","" SOUTH_WEST"","" SOUTH_EAST""]","[""EN"",""FR"",""ES"",""CH"",""CH"",""IT"",""DE"",""IN"",""RU"",""TR"",""UK"",""PO"",""ZA"",""NL""]"
57,6680,11314269,0 - 19,2030512375,contactus@theofficeproviders.com,https://www.theofficeproviders.com,https://www.linkedin.com/company/the-office-providers/,,,The Office Providers (TOPS) Ltd,"{""Business Support"":[""Business relocation""]}","[""FINANCIAL_AND_PROFESSIONAL_SERVICES""]","["" LONDON"","" NORTH_WEST"",""NORTH_EAST"",""MIDLANDS"","" SOUTH_WEST"","" SOUTH_EAST""]","[""EN""]"
80,8302,11196729,0 - 19,447845627452,gareth@gentiuminternational.com,www.gentiuminternational.com,,,,Gentium International Ltd.,"{""Management Consulting"":[""Product safety regulation and compliance"",""Risk consultation"",""Strategy and long-term planning""],""Business Support"":[""Business relocation"",""Staff and family relocation relocation (including schooling for children)""]}","[""ADVANCED_MANUFACTURING"",""AIRPORTS"",""BIOTECHNOLOGY_AND_PHARMACEUTICALS"",""BUSINESS_AND_CONSUMER_SERVICES"",""CHEMICALS"",""COMMUNICATIONS"",""CONSTRUCTION"",""ELECTRONICS_AND_IT_HARDWARE"",""FINANCIAL_AND_PROFESSIONAL_SERVICES"",""HEALTHCARE_AND_MEDICAL"",""LIFE_SCIENCES"",""LEGAL_SERVICES"",""MECHANICAL_ELECTRICAL_AND_PROCESS_ENGINEERING"",""OIL_AND_GAS"",""PORTS_AND_LOGISTICS"",""POWER"",""RAILWAYS"",""RENEWABLE_ENERGY"",""SECURITY"",""SOFTWARE_AND_COMPUTER_SERVICES"",""WATER""]",,"[""EN""]"
76,9150,11020762,20 - 49,7851020856,carl@centuroglobal.com,https://www.centuroglobal.com/,https://www.linkedin.com/company/27091826/admin/feed/posts/,,https://twitter.com/CenturoGlobal,CENTURO GLOBAL LIMITED,"{""Management Consulting"":[""Business Development"",""Workforce development""],""Legal"":[""Company incorporation"",""Employment"",""Immigration""]}","[""AEROSPACE"",""ADVANCED_MANUFACTURING"",""AIRPORTS"",""AGRICULTURE"",""HORTICULTURE_AND_FISHERIES"",""AUTOMOTIVE"",""BIOTECHNOLOGY_AND_PHARMACEUTICALS"",""BUSINESS_AND_CONSUMER_SERVICES"",""CHEMICALS"",""CLOTHING"",""FOOTWEAR_AND_FASHION"",""COMMUNICATIONS"",""CONSTRUCTION"",""CREATIVE_AND_MEDIA"",""EDUCATION_AND_TRAINING"",""ELECTRONICS_AND_IT_HARDWARE"",""ENVIRONMENT"",""FINANCIAL_AND_PROFESSIONAL_SERVICES"",""FOOD_AND_DRINK"",""GIFTWARE"",""JEWELLERY_AND_TABLEWARE"",""GLOBAL_SPORTS_INFRASTRUCTURE"",""HEALTHCARE_AND_MEDICAL"",""HOUSEHOLD_GOODS"",""FURNITURE_AND_FURNISHINGS"",""LIFE_SCIENCES"",""LEISURE_AND_TOURISM"",""LEGAL_SERVICES"",""MARINE"",""MECHANICAL_ELECTRICAL_AND_PROCESS_ENGINEERING"",""METALLURGICAL_PROCESS_PLANT"",""METALS"",""MINERALS_AND_MATERIALS"",""MINING"",""OIL_AND_GAS"",""PORTS_AND_LOGISTICS"",""POWER"",""RAILWAYS"",""RENEWABLE_ENERGY"",""RETAIL_AND_LUXURY"",""SECURITY"",""SOFTWARE_AND_COMPUTER_SERVICES"",""TEXTILES"",""INTERIOR_TEXTILES_AND_CARPETS"",""WATER""]","["" LONDON"","" NORTH_WEST"",""NORTH_EAST"",""MIDLANDS""]","[""EN"",""FR"",""ES"",""DE"",""IN"",""RU"",""IN""]"
30,9230,4935480,20 - 49,44 (0)20 8966 9222,ntaylor@managementanswers.co.uk,www.managementanswers.co.uk,https://www.linkedin.com/in/nigeltaylorima/,,,International Management Answers (IMA) Ltd,"{""Human Resources"":[""Staff onboarding (including new starter support and contracts of employment)""],""Business Support"":[""Staff and family relocation relocation (including schooling for children)""]}","[""AUTOMOTIVE"",""BUSINESS_AND_CONSUMER_SERVICES"",""LIFE_SCIENCES"",""SOFTWARE_AND_COMPUTER_SERVICES""]","["" LONDON"","" SOUTH_EAST""]","[""EN"",""CH"",""CH""]"
127,9237,5662339,0 - 19,44 208 426 1750,rita.shah@jsklaw.co.uk,www.jsklaw.co.uk,,,,JSK LAW LTD,"{""Legal"":[""Employment"",""Immigration""]}","[""LEGAL_SERVICES""]","["" LONDON""]","[""EN"",""IN"",""IN""]"
113,9238,11296256,0 - 19,2045098983,contact@prohal.co.uk,www.prohal.co.uk,https://www.linkedin.com/in/prohal-accountants-50863816a/,,,ProHal Ltd,"{""Finance"":[""Accounting and tax (including registration for VAT and PAYE)"",""Opening bank accounts"",""Regulatory support""],""Management Consulting"":[""Business Development"",""Strategy and long-term planning"",""Workforce development""]}","[""BUSINESS_AND_CONSUMER_SERVICES"",""CLOTHING"",""FOOTWEAR_AND_FASHION"",""CONSTRUCTION"",""CREATIVE_AND_MEDIA"",""ELECTRONICS_AND_IT_HARDWARE"",""FINANCIAL_AND_PROFESSIONAL_SERVICES"",""FOOD_AND_DRINK"",""HEALTHCARE_AND_MEDICAL"",""LEISURE_AND_TOURISM"",""RETAIL_AND_LUXURY"",""SOFTWARE_AND_COMPUTER_SERVICES"",""TEXTILES"",""INTERIOR_TEXTILES_AND_CARPETS""]","["" LONDON"","" NORTH_WEST"",""NORTH_EAST"",""MIDLANDS"","" SOUTH_WEST"","" SOUTH_EAST""]","[""EN"",""IN"",""BN"",""KN"",""IN""]"
226,9240,8597472,500+,44 7706 338 769,cher.young@gateleyglobal.com,https://gateleyplc.com/gateley-global,https://www.linkedin.com/company/gateley-global/?originalSubdomain=uk,,,Gateley Global Limited,"{""Finance"":[""Mergers and acquisitions"",""Opening bank accounts"",""Regulatory support""],""Management Consulting"":[""Strategy and long-term planning""],""Human Resources"":[""Salary benchmarking and employee benefits""],""Legal"":[""Company incorporation"",""Immigration"",""Intellectual property""]}","[""ADVANCED_MANUFACTURING"",""AUTOMOTIVE"",""BIOTECHNOLOGY_AND_PHARMACEUTICALS"",""BUSINESS_AND_CONSUMER_SERVICES"",""CONSTRUCTION"",""ELECTRONICS_AND_IT_HARDWARE"",""ENVIRONMENT"",""FINANCIAL_AND_PROFESSIONAL_SERVICES"",""HEALTHCARE_AND_MEDICAL"",""LIFE_SCIENCES"",""LEGAL_SERVICES"",""RENEWABLE_ENERGY"",""SOFTWARE_AND_COMPUTER_SERVICES""]","["" LONDON"","" NORTH_WEST"",""NORTH_EAST"",""MIDLANDS"","" SOUTH_WEST"","" SOUTH_EAST""]","[""EN"",""FR"",""ES"",""CH"",""CH"",""IT"",""RU"",""MS""]"
123,9254,OC303525,500+,028 9041 5797,uk_tender_tracker@pwc.com,https://www.pwc.co.uk/,https://www.linkedin.com/company/pwc-uk,,,PricewaterhouseCoopers LLP,"{""Management Consulting"":[""Business Development"",""Risk consultation"",""Strategy and long-term planning""],""Business Support"":[""Business relocation"",""Planning consultants""]}","[""AEROSPACE"",""ADVANCED_MANUFACTURING"",""AIRPORTS"",""AUTOMOTIVE"",""BIOTECHNOLOGY_AND_PHARMACEUTICALS"",""BUSINESS_AND_CONSUMER_SERVICES"",""CONSTRUCTION"",""EDUCATION_AND_TRAINING"",""ENVIRONMENT"",""FINANCIAL_AND_PROFESSIONAL_SERVICES"",""HEALTHCARE_AND_MEDICAL"",""LIFE_SCIENCES"",""LEISURE_AND_TOURISM"",""METALS"",""MINERALS_AND_MATERIALS"",""MINING"",""OIL_AND_GAS"",""PORTS_AND_LOGISTICS"",""POWER"",""RAILWAYS"",""RENEWABLE_ENERGY"",""RETAIL_AND_LUXURY"",""SECURITY"",""WATER""]","["" LONDON"","" NORTH_WEST"",""NORTH_EAST"",""MIDLANDS"","" SOUTH_WEST"","" SOUTH_EAST""]","[""EN"",""FR"",""CH"",""JA"",""KO"",""DE"",""AR""]"
40,9256,8198795,20 - 49,2045161260,thomas.miles@3cslondon.com,https://www.3cslondon.com/en/,,,,3CS Corporate Solicitors Limited,"{""Legal"":[""Company incorporation"",""Data protection and information assurance"",""Immigration""]}","[""LEGAL_SERVICES""]","["" LONDON"","" NORTH_WEST"",""NORTH_EAST"",""MIDLANDS"","" SOUTH_EAST""]","[""EN"",""CH"",""CH"",""JA"",""KO""]"
49,9266,7894977,0 - 19,7795226823,sash@business-at.com,www.business-at.com,www.linkedin.com/in/shashank-dublish-9bb58739,https://www.facebook.com/BUSACCTAX/,,Business Accounting and Tax Ltd,"{""Finance"":[""Accounting and tax (including registration for VAT and PAYE)"",""Opening bank accounts"",""Regulatory support""],""Business Support"":[""Business relocation"",""Planning consultants"",""Staff and family relocation relocation (including schooling for children)""]}","[""AEROSPACE"",""BUSINESS_AND_CONSUMER_SERVICES"",""COMMUNICATIONS"",""CONSTRUCTION"",""CREATIVE_AND_MEDIA"",""EDUCATION_AND_TRAINING"",""ELECTRONICS_AND_IT_HARDWARE"",""FINANCIAL_AND_PROFESSIONAL_SERVICES"",""FOOD_AND_DRINK"",""HEALTHCARE_AND_MEDICAL"",""LIFE_SCIENCES"",""LEISURE_AND_TOURISM"",""LEGAL_SERVICES"",""MARINE"",""MECHANICAL_ELECTRICAL_AND_PROCESS_ENGINEERING"",""MINING"",""SECURITY"",""SOFTWARE_AND_COMPUTER_SERVICES""]","["" LONDON"","" NORTH_WEST"",""NORTH_EAST"",""MIDLANDS"","" SOUTH_WEST"","" SOUTH_EAST""]","[""EN"",""IN""]"
15,9270,3202078,0 - 19,2082024111,bmermet@frenger.com,WWW.FRENGER.COM,,,,FRENGER BUSINESS SERVICES LTD,"{""Finance"":[""Accounting and tax (including registration for VAT and PAYE)"",""Mergers and acquisitions"",""Opening bank accounts""],""Business Support"":[""Business relocation""]}","[""BUSINESS_AND_CONSUMER_SERVICES"",""CLOTHING"",""FOOTWEAR_AND_FASHION"",""ELECTRONICS_AND_IT_HARDWARE"",""FINANCIAL_AND_PROFESSIONAL_SERVICES"",""SOFTWARE_AND_COMPUTER_SERVICES""]","["" LONDON"","" NORTH_WEST"",""NORTH_EAST"",""MIDLANDS"","" SOUTH_WEST"","" SOUTH_EAST""]","[""EN"",""FR"",""ES"",""DE""]"
52,9278,6003195,0 - 19,7771638151,james@jmbpartnership.com,www.thejmbpartnership.com,,,https://twitter.com/JMBPartnership,The JMB Partnership Ltd,"{""Human Resources"":[""Sourcing and hiring""],""Publicity"":[""Marketing""]}","[""ADVANCED_MANUFACTURING"",""AUTOMOTIVE"",""BUSINESS_AND_CONSUMER_SERVICES"",""CONSTRUCTION"",""CREATIVE_AND_MEDIA"",""FOOD_AND_DRINK"",""RETAIL_AND_LUXURY"",""SOFTWARE_AND_COMPUTER_SERVICES""]","["" LONDON"","" NORTH_WEST"",""NORTH_EAST"",""MIDLANDS"","" SOUTH_WEST"","" SOUTH_EAST""]","[""EN""]"
92,9281,OC374987,500+,44 (0)3700 867 447,lee.strong@shoosmiths.com,https://www.shoosmiths.com/,https://www.linkedin.com/company/shoosmiths/,,,Shoosmiths LLP,"{""Legal"":[""Data protection and information assurance"",""Employment"",""Intellectual property""],""Business Support"":[""Business relocation""]}","[""AUTOMOTIVE"",""BIOTECHNOLOGY_AND_PHARMACEUTICALS"",""BUSINESS_AND_CONSUMER_SERVICES"",""CLOTHING"",""FOOTWEAR_AND_FASHION"",""CONSTRUCTION"",""CREATIVE_AND_MEDIA"",""ENVIRONMENT"",""FINANCIAL_AND_PROFESSIONAL_SERVICES"",""GIFTWARE"",""JEWELLERY_AND_TABLEWARE"",""HEALTHCARE_AND_MEDICAL"",""HOUSEHOLD_GOODS"",""FURNITURE_AND_FURNISHINGS"",""LIFE_SCIENCES"",""LEGAL_SERVICES"",""MARINE"",""POWER"",""RAILWAYS"",""RENEWABLE_ENERGY"",""RETAIL_AND_LUXURY"",""SOFTWARE_AND_COMPUTER_SERVICES""]","["" LONDON"","" NORTH_WEST"",""NORTH_EAST"",""MIDLANDS"","" SOUTH_WEST"","" SOUTH_EAST""]","[""EN"",""FR""]"
38,9284,1016261,20 - 49,44 (0)2079764100,mail@ahk-london.co.uk,https://grossbritannien.ahk.de/en/,https://www.linkedin.com/company/german-british-chamber-of-industry-and-commerce,,,German-British Chamber of Industry & Commerce,"{""Legal"":[""Company incorporation"",""Data protection and information assurance"",""Employment""],""Business Support"":[""Business relocation"",""Planning consultants""]}","[""ADVANCED_MANUFACTURING"",""BUSINESS_AND_CONSUMER_SERVICES"",""CHEMICALS"",""CLOTHING"",""FOOTWEAR_AND_FASHION"",""CONSTRUCTION"",""ELECTRONICS_AND_IT_HARDWARE"",""FINANCIAL_AND_PROFESSIONAL_SERVICES"",""FOOD_AND_DRINK"",""GIFTWARE"",""JEWELLERY_AND_TABLEWARE"",""HOUSEHOLD_GOODS"",""FURNITURE_AND_FURNISHINGS"",""LIFE_SCIENCES"",""MECHANICAL_ELECTRICAL_AND_PROCESS_ENGINEERING"",""METALLURGICAL_PROCESS_PLANT"",""METALS"",""MINERALS_AND_MATERIALS"",""OIL_AND_GAS"",""PORTS_AND_LOGISTICS"",""POWER"",""RAILWAYS"",""RENEWABLE_ENERGY"",""RETAIL_AND_LUXURY"",""SECURITY"",""SOFTWARE_AND_COMPUTER_SERVICES"",""TEXTILES"",""INTERIOR_TEXTILES_AND_CARPETS""]","["" LONDON"","" NORTH_WEST"",""NORTH_EAST"",""MIDLANDS"","" SOUTH_WEST"","" SOUTH_EAST""]","[""EN"",""DE""]"
105,9294,7707780,20 - 49,44 20 3286 6229,info@elementalcosec.com,https://www.elementalcosec.com/,https://www.linkedin.com/company/elemental-cosec/,,,ELEMENTAL COSEC LIMITED,"{""Finance"":[""Accounting and tax (including registration for VAT and PAYE)"",""Regulatory support""],""Legal"":[""Company incorporation"",""Data protection and information assurance"",""Employment""]}","[""BIOTECHNOLOGY_AND_PHARMACEUTICALS"",""BUSINESS_AND_CONSUMER_SERVICES"",""CHEMICALS"",""CONSTRUCTION"",""CREATIVE_AND_MEDIA"",""FINANCIAL_AND_PROFESSIONAL_SERVICES"",""HEALTHCARE_AND_MEDICAL"",""LEGAL_SERVICES"",""OIL_AND_GAS"",""POWER"",""RENEWABLE_ENERGY"",""SOFTWARE_AND_COMPUTER_SERVICES""]","["" LONDON"","" NORTH_WEST"",""NORTH_EAST"",""MIDLANDS"","" SOUTH_WEST"","" SOUTH_EAST""]","[""EN"",""ES"",""CH"",""CH"",""IT"",""IN"",""TR"",""IN""]"
42,9303,OC341068,100 - 249,7733106936,acowie@jamescowper.co.uk,www.jamescowperkreston.co.uk,,,,James Cowper LLP,"{""Finance"":[""Accounting and tax (including registration for VAT and PAYE)"",""Mergers and acquisitions"",""Raising capital""]}","[""ADVANCED_MANUFACTURING"",""AGRICULTURE"",""HORTICULTURE_AND_FISHERIES"",""BIOTECHNOLOGY_AND_PHARMACEUTICALS"",""BUSINESS_AND_CONSUMER_SERVICES"",""COMMUNICATIONS"",""CONSTRUCTION"",""CREATIVE_AND_MEDIA"",""EDUCATION_AND_TRAINING"",""ELECTRONICS_AND_IT_HARDWARE"",""FINANCIAL_AND_PROFESSIONAL_SERVICES"",""FOOD_AND_DRINK"",""HEALTHCARE_AND_MEDICAL"",""LIFE_SCIENCES"",""LEISURE_AND_TOURISM"",""LEGAL_SERVICES"",""SOFTWARE_AND_COMPUTER_SERVICES""]","["" SOUTH_EAST""]","[""EN"",""FR"",""CH"",""IT"",""DE""]"
130,9304,SO300472,100 - 249,447809586552,ruth.mccallister@morton-fraser.com,www.morton-fraser.com,https://www.linkedin.com/company/morton-fraser,https://www.facebook.com/MortonFraserSolicitors,https://twitter.com/MortonFraserLLP,Morton Fraser LLP,"{""Legal"":[""Employment"",""Immigration"",""Land use planning""]}","[""LEGAL_SERVICES""]",,"[""EN"",""FR"",""DE""]"
69,9305,8864582,0 - 19,2030054854,Efun@mayfair-legal.co.uk,https://www.mayfair-legal.co.uk/,,,https://mobile.twitter.com/mayfairlegal,Mayfair Legal Limited,"{""Legal"":[""Company incorporation"",""Employment"",""Immigration""]}","[""LEGAL_SERVICES""]","["" LONDON"","" NORTH_WEST""]","[""EN"",""CH"",""RU"",""MS""]"
85,9306,OC312313,500+,447850418420,yogan.a.patel@mha.co.uk,www.mha.co.uk,,,,MacIntyre Hudson LLP,"{""Finance"":[""Accounting and tax (including registration for VAT and PAYE)"",""Mergers and acquisitions"",""Regulatory support""],""Human Resources"":[""Payroll"",""Sourcing and hiring"",""Staff onboarding (including new starter support and contracts of employment)""]}","[""ADVANCED_MANUFACTURING"",""AGRICULTURE"",""HORTICULTURE_AND_FISHERIES"",""AUTOMOTIVE"",""BIOTECHNOLOGY_AND_PHARMACEUTICALS"",""BUSINESS_AND_CONSUMER_SERVICES"",""CLOTHING"",""FOOTWEAR_AND_FASHION"",""COMMUNICATIONS"",""CONSTRUCTION"",""CREATIVE_AND_MEDIA"",""EDUCATION_AND_TRAINING"",""ELECTRONICS_AND_IT_HARDWARE"",""FINANCIAL_AND_PROFESSIONAL_SERVICES"",""FOOD_AND_DRINK"",""GIFTWARE"",""JEWELLERY_AND_TABLEWARE"",""HEALTHCARE_AND_MEDICAL"",""HOUSEHOLD_GOODS"",""FURNITURE_AND_FURNISHINGS"",""LIFE_SCIENCES"",""LEISURE_AND_TOURISM"",""LEGAL_SERVICES"",""MARINE"",""MECHANICAL_ELECTRICAL_AND_PROCESS_ENGINEERING"",""METALS"",""MINERALS_AND_MATERIALS"",""MINING"",""OIL_AND_GAS"",""PORTS_AND_LOGISTICS"",""RENEWABLE_ENERGY"",""RETAIL_AND_LUXURY"",""SOFTWARE_AND_COMPUTER_SERVICES""]","["" LONDON"","" NORTH_WEST"",""NORTH_EAST"",""MIDLANDS"","" SOUTH_EAST""]","[""EN"",""FR"",""ES"",""CH"",""CH"",""JA"",""PT"",""IT"",""DE"",""IN"",""RU"",""IN"",""BN""]"
124,9308,12544604,500+,020 7404 4140,enquiries@zedra.com,https://www.zedra.com/,,,https://www.linkedin.com/company/zedra-group,ZEDRA GLOBAL SERVICES (UK) LIMITED,"{""Finance"":[""Accounting and tax (including registration for VAT and PAYE)"",""Opening bank accounts"",""Regulatory support""],""Business Support"":[""Business relocation"",""Staff and family relocation relocation (including schooling for children)""]}","[""AEROSPACE"",""ADVANCED_MANUFACTURING"",""AIRPORTS"",""AGRICULTURE"",""HORTICULTURE_AND_FISHERIES"",""AUTOMOTIVE"",""BIOTECHNOLOGY_AND_PHARMACEUTICALS"",""BUSINESS_AND_CONSUMER_SERVICES"",""CHEMICALS"",""CLOTHING"",""FOOTWEAR_AND_FASHION"",""COMMUNICATIONS"",""CONSTRUCTION"",""CREATIVE_AND_MEDIA"",""EDUCATION_AND_TRAINING"",""ELECTRONICS_AND_IT_HARDWARE"",""ENVIRONMENT"",""FINANCIAL_AND_PROFESSIONAL_SERVICES"",""FOOD_AND_DRINK"",""GIFTWARE"",""JEWELLERY_AND_TABLEWARE"",""GLOBAL_SPORTS_INFRASTRUCTURE"",""HEALTHCARE_AND_MEDICAL"",""HOUSEHOLD_GOODS"",""FURNITURE_AND_FURNISHINGS"",""LIFE_SCIENCES"",""LEISURE_AND_TOURISM"",""LEGAL_SERVICES"",""MARINE"",""MECHANICAL_ELECTRICAL_AND_PROCESS_ENGINEERING"",""METALLURGICAL_PROCESS_PLANT"",""METALS"",""MINERALS_AND_MATERIALS"",""MINING"",""OIL_AND_GAS"",""PORTS_AND_LOGISTICS"",""POWER"",""RAILWAYS"",""RENEWABLE_ENERGY"",""RETAIL_AND_LUXURY"",""SECURITY"",""SOFTWARE_AND_COMPUTER_SERVICES"",""TEXTILES"",""INTERIOR_TEXTILES_AND_CARPETS"",""WATER""]","["" LONDON"","" NORTH_WEST"",""NORTH_EAST"",""MIDLANDS"","" SOUTH_WEST"","" SOUTH_EAST""]","[""EN"",""FR"",""ES"",""CH"",""CH"",""JA"",""KO"",""PT"",""IT"",""DE"",""IN"",""AR"",""RU"",""IN"",""BN"",""KN"",""PK"",""IN"",""TR"",""VI""]"
33,9310,OC380935,20 - 49,2036179173,info@richmondchambers.com,https://immigrationbarrister.co.uk/,https://www.linkedin.com/company/richmond-chambers-immigration-barristers/,https://www.facebook.com/UKVisaBarrister/,https://twitter.com/UKVisaBarrister,Richmond Chambers LLP,"{""Legal"":[""Immigration""]}","[""AEROSPACE"",""ADVANCED_MANUFACTURING"",""AIRPORTS"",""AGRICULTURE"",""HORTICULTURE_AND_FISHERIES"",""AUTOMOTIVE"",""BIOTECHNOLOGY_AND_PHARMACEUTICALS"",""BUSINESS_AND_CONSUMER_SERVICES"",""CHEMICALS"",""CLOTHING"",""FOOTWEAR_AND_FASHION"",""COMMUNICATIONS"",""CONSTRUCTION"",""CREATIVE_AND_MEDIA"",""EDUCATION_AND_TRAINING"",""ELECTRONICS_AND_IT_HARDWARE"",""ENVIRONMENT"",""FINANCIAL_AND_PROFESSIONAL_SERVICES"",""FOOD_AND_DRINK"",""GIFTWARE"",""JEWELLERY_AND_TABLEWARE"",""GLOBAL_SPORTS_INFRASTRUCTURE"",""HEALTHCARE_AND_MEDICAL"",""HOUSEHOLD_GOODS"",""FURNITURE_AND_FURNISHINGS"",""LIFE_SCIENCES"",""LEISURE_AND_TOURISM"",""LEGAL_SERVICES"",""MARINE"",""MECHANICAL_ELECTRICAL_AND_PROCESS_ENGINEERING"",""METALLURGICAL_PROCESS_PLANT"",""METALS"",""MINERALS_AND_MATERIALS"",""MINING"",""OIL_AND_GAS"",""PORTS_AND_LOGISTICS"",""POWER"",""RAILWAYS"",""RENEWABLE_ENERGY"",""RETAIL_AND_LUXURY"",""SECURITY"",""SOFTWARE_AND_COMPUTER_SERVICES"",""TEXTILES"",""INTERIOR_TEXTILES_AND_CARPETS"",""WATER""]","["" LONDON"","" NORTH_WEST"",""NORTH_EAST"",""MIDLANDS"","" SOUTH_WEST"","" SOUTH_EAST""]","[""EN"",""FR"",""ES"",""CH"",""CH"",""IT"",""DE"",""RU""]"
71,9314,OC313156,50 - 99,44 (0)20 7874 8806,esther.wood@goodmanjones.com,https://www.goodmanjones.com/who-we-help/uk-establishment,https://www.linkedin.com/company/82240/admin/,,,Goodman Jones LLP,"{""Finance"":[""Accounting and tax (including registration for VAT and PAYE)"",""Mergers and acquisitions"",""Regulatory support""],""Business Support"":[""Business relocation""]}","[""COMMUNICATIONS"",""CONSTRUCTION"",""CREATIVE_AND_MEDIA"",""FINANCIAL_AND_PROFESSIONAL_SERVICES"",""LEGAL_SERVICES"",""MECHANICAL_ELECTRICAL_AND_PROCESS_ENGINEERING"",""RENEWABLE_ENERGY"",""RETAIL_AND_LUXURY""]","["" LONDON"","" SOUTH_WEST"","" SOUTH_EAST""]","[""EN""]"
75,9328,9766350,0 - 19,7469238303,g.maros@altios.com,https://uk.altios.com/,https://www.linkedin.com/company/altios-international/mycompany/,,,Altios Consulting Limited,"{""Human Resources"":[""Employment and talent search"",""Payroll"",""Sourcing and hiring""],""Business Support"":[""Business relocation"",""Facilities (e.g. water"","" Wi-Fi"","" electricity)""]}","[""AEROSPACE"",""ADVANCED_MANUFACTURING"",""AGRICULTURE"",""HORTICULTURE_AND_FISHERIES"",""BUSINESS_AND_CONSUMER_SERVICES"",""CLOTHING"",""FOOTWEAR_AND_FASHION"",""CREATIVE_AND_MEDIA"",""EDUCATION_AND_TRAINING"",""ELECTRONICS_AND_IT_HARDWARE"",""FINANCIAL_AND_PROFESSIONAL_SERVICES"",""FOOD_AND_DRINK"",""GLOBAL_SPORTS_INFRASTRUCTURE"",""HEALTHCARE_AND_MEDICAL"",""HOUSEHOLD_GOODS"",""FURNITURE_AND_FURNISHINGS"",""LIFE_SCIENCES"",""MINING"",""RENEWABLE_ENERGY"",""SECURITY"",""SOFTWARE_AND_COMPUTER_SERVICES""]","["" LONDON"","" NORTH_WEST"",""NORTH_EAST"",""MIDLANDS"","" SOUTH_WEST"","" SOUTH_EAST""]","[""EN"",""FR"",""ES"",""CH"",""PT"",""IT"",""DE"",""IN"",""AR"",""VI""]"
135,9330,10238654,500+,44 (0)20 7544 8972,james.dolan@blickrothenberg.com,www.blickrothenberg.com,https://www.linkedin.com/company/blickrothenberg/,,https://twitter.com/BlickRothenberg,Blick Rothenberg Limited,"{""Finance"":[""Accounting and tax (including registration for VAT and PAYE)"",""Regulatory support""],""Business Support"":[""Business relocation""]}","[""AEROSPACE"",""AUTOMOTIVE"",""BIOTECHNOLOGY_AND_PHARMACEUTICALS"",""BUSINESS_AND_CONSUMER_SERVICES"",""CHEMICALS"",""CLOTHING"",""FOOTWEAR_AND_FASHION"",""COMMUNICATIONS"",""CONSTRUCTION"",""CREATIVE_AND_MEDIA"",""EDUCATION_AND_TRAINING"",""ELECTRONICS_AND_IT_HARDWARE"",""ENVIRONMENT"",""FINANCIAL_AND_PROFESSIONAL_SERVICES"",""FOOD_AND_DRINK"",""GIFTWARE"",""JEWELLERY_AND_TABLEWARE"",""GLOBAL_SPORTS_INFRASTRUCTURE"",""HEALTHCARE_AND_MEDICAL"",""LIFE_SCIENCES"",""LEISURE_AND_TOURISM"",""LEGAL_SERVICES"",""MECHANICAL_ELECTRICAL_AND_PROCESS_ENGINEERING"",""RENEWABLE_ENERGY"",""RETAIL_AND_LUXURY"",""SOFTWARE_AND_COMPUTER_SERVICES"",""TEXTILES"",""INTERIOR_TEXTILES_AND_CARPETS""]","["" LONDON"","" NORTH_WEST"",""NORTH_EAST"",""MIDLANDS"","" SOUTH_WEST"","" SOUTH_EAST""]","[""EN"",""FR"",""ES"",""CH"",""CH"",""JA"",""PT"",""IT"",""DE"",""IN"",""RU"",""IN"",""BN"",""KN"",""TR""]"
137,9339,OC325346,500+,44 (0)1189 530 350,samantha.day@rsmuk.com,https://www.rsmuk.com/,https://www.linkedin.com/company/rsm-uk/,https://www.facebook.com/RSMUnitedKingdom/,https://twitter.com/RSMUK,RSM UK Group LLP,"{""Finance"":[""Accounting and tax (including registration for VAT and PAYE)"",""Mergers and acquisitions"",""Opening bank accounts""],""Human Resources"":[""Payroll"",""Staff management and progression"",""Staff onboarding (including new starter support and contracts of employment)""]}","[""AEROSPACE"",""ADVANCED_MANUFACTURING"",""BIOTECHNOLOGY_AND_PHARMACEUTICALS"",""BUSINESS_AND_CONSUMER_SERVICES"",""CLOTHING"",""FOOTWEAR_AND_FASHION"",""CONSTRUCTION"",""CREATIVE_AND_MEDIA"",""EDUCATION_AND_TRAINING"",""ELECTRONICS_AND_IT_HARDWARE"",""ENVIRONMENT"",""FINANCIAL_AND_PROFESSIONAL_SERVICES"",""FOOD_AND_DRINK"",""GIFTWARE"",""JEWELLERY_AND_TABLEWARE"",""HEALTHCARE_AND_MEDICAL"",""LIFE_SCIENCES"",""LEISURE_AND_TOURISM"",""RETAIL_AND_LUXURY"",""SOFTWARE_AND_COMPUTER_SERVICES""]","["" LONDON"","" NORTH_WEST"",""NORTH_EAST"",""MIDLANDS"","" SOUTH_WEST"","" SOUTH_EAST""]","[""EN"",""FR"",""ES"",""CH"",""CH"",""JA"",""KO"",""PT"",""IT"",""DE"",""IN"",""AR"",""RU"",""IN"",""BN"",""KN"",""TR"",""VI"",""ZA"",""AL"",""GB"",""BG"",""CH"",""HR"",""DA"",""CS"",""NL"",""IR"",""PH"",""FI"",""GB"",""GR"",""IN"",""HE"",""HU"",""NG"",""ID"",""GA""]"
141,9359,10799294,20 - 49,447421462461,Gareth@gpcskills.uk,www.gpcskills.uk,,,,GPC Skills Ltd.,"{""Management Consulting"":[""Workforce development""],""Human Resources"":[""Sourcing and hiring"",""Staff management and progression"",""Succession planning""]}","[""AEROSPACE"",""ADVANCED_MANUFACTURING"",""AUTOMOTIVE"",""BIOTECHNOLOGY_AND_PHARMACEUTICALS"",""BUSINESS_AND_CONSUMER_SERVICES"",""CHEMICALS"",""CONSTRUCTION"",""EDUCATION_AND_TRAINING"",""FOOD_AND_DRINK"",""LIFE_SCIENCES""]","["" LONDON"",""NORTH_EAST"",""MIDLANDS"","" SOUTH_WEST"","" SOUTH_EAST""]","[""EN""]"
116,9368,8991171,0 - 19,2037442797,amar@reissedwards.co.uk,www.immigrationlawyers-london.com,https://www.linkedin.com/in/reiss-edwards-432003a6/,https://www.facebook.com/reissedwardslawyers,https://twitter.com/Reiss_Edwards,Reiss Edwards Limited,"{""Legal"":[""Company incorporation"",""Immigration""],""Business Support"":[""Business relocation"",""Staff and family relocation relocation (including schooling for children)""]}","[""LEGAL_SERVICES""]","["" LONDON"","" NORTH_WEST"",""NORTH_EAST"",""MIDLANDS"","" SOUTH_WEST"","" SOUTH_EAST""]","[""EN"",""CH"",""IN"",""RU"",""TR"",""VI"",""AL"",""PH"",""UR"",""IR""]"
89,9371,OC339497,0 - 19,44 (0) 203 051 547,info@abbisscadres.com,www.abbisscadres.com,https://www.linkedin.com/company/abbiss-cadres-llp,,https://twitter.com/Abbiss_Cadres,Abbiss Cadres LLP,"{""Human Resources"":[""Payroll"",""Salary benchmarking and employee benefits"",""Staff onboarding (including new starter support and contracts of employment)""],""Legal"":[""Company incorporation"",""Employment"",""Immigration""]}","[""BIOTECHNOLOGY_AND_PHARMACEUTICALS"",""BUSINESS_AND_CONSUMER_SERVICES"",""CLOTHING"",""FOOTWEAR_AND_FASHION"",""COMMUNICATIONS"",""CONSTRUCTION"",""CREATIVE_AND_MEDIA"",""EDUCATION_AND_TRAINING"",""ELECTRONICS_AND_IT_HARDWARE"",""FINANCIAL_AND_PROFESSIONAL_SERVICES"",""HEALTHCARE_AND_MEDICAL"",""LIFE_SCIENCES"",""LEGAL_SERVICES"",""POWER"",""RAILWAYS"",""SOFTWARE_AND_COMPUTER_SERVICES""]","["" LONDON"","" SOUTH_WEST"","" SOUTH_EAST""]","[""EN"",""FR"",""RU"",""KK"",""NO""]"
55,9395,8057237,0 - 19,1138343133,stefan.haase@whitecapconsulting.co.uk,www.whitecapconsultung.co.uk,https://www.linkedin.com/company/whitecap-consulting/mycompany/,,,Whitecap Consulting Limited,"{""Management Consulting"":[""Business Development"",""Commercial/pricing strategy"",""Strategy and long-term planning""],""Business Support"":[""Planning consultants""]}","[""ADVANCED_MANUFACTURING"",""BIOTECHNOLOGY_AND_PHARMACEUTICALS"",""BUSINESS_AND_CONSUMER_SERVICES"",""COMMUNICATIONS"",""CREATIVE_AND_MEDIA"",""EDUCATION_AND_TRAINING"",""ELECTRONICS_AND_IT_HARDWARE"",""ENVIRONMENT"",""FINANCIAL_AND_PROFESSIONAL_SERVICES"",""HEALTHCARE_AND_MEDICAL"",""LIFE_SCIENCES"",""LEISURE_AND_TOURISM"",""LEGAL_SERVICES"",""RENEWABLE_ENERGY"",""RETAIL_AND_LUXURY"",""SECURITY"",""SOFTWARE_AND_COMPUTER_SERVICES""]","["" NORTH_WEST"",""NORTH_EAST"",""MIDLANDS""]","[""EN"",""DE""]"
31,9406,NI608411,0 - 19,7803624748,ray@baxterworld.com,www.baxterworld.com,https://www.linkedin.com/in/baxterworld/,https://www.facebook.com/Baxterworld,,Baxterworld Ltd,"{""Finance"":[""Accounting and tax (including registration for VAT and PAYE)"",""Opening bank accounts"",""Regulatory support""],""Management Consulting"":[""Business Development"",""Commercial/pricing strategy"",""Strategy and long-term planning""]}","[""ADVANCED_MANUFACTURING"",""BIOTECHNOLOGY_AND_PHARMACEUTICALS"",""BUSINESS_AND_CONSUMER_SERVICES"",""CONSTRUCTION"",""CREATIVE_AND_MEDIA"",""EDUCATION_AND_TRAINING"",""FINANCIAL_AND_PROFESSIONAL_SERVICES"",""FOOD_AND_DRINK"",""HEALTHCARE_AND_MEDICAL"",""LIFE_SCIENCES"",""LEISURE_AND_TOURISM"",""RETAIL_AND_LUXURY""]","["" LONDON"",""MIDLANDS""]","[""EN"",""RO""]"
7,9409,OC336077,500+,01784 497146,amosby@menzies.co.uk,www.menzies.co.uk,https://uk.linkedin.com/company/menzies-llp,,,Menzies LLP,"{""Finance"":[""Accounting and tax (including registration for VAT and PAYE)"",""Mergers and acquisitions"",""Regulatory support""]}","[""BUSINESS_AND_CONSUMER_SERVICES"",""ELECTRONICS_AND_IT_HARDWARE"",""SOFTWARE_AND_COMPUTER_SERVICES""]","["" LONDON"","" SOUTH_EAST""]","[""EN"",""FR"",""ES"",""CH"",""CH"",""IT"",""DE"",""IN"",""AR""]"
109,9413,9551634,0 - 19,44 7980 860298,peter.gillingwater@newfound.global,https://www.newfound.global/,https://www.linkedin.com/company/newfound-global,,,Newfound Global Limited,"{""Management Consulting"":[""Commercial/pricing strategy"",""Product safety regulation and compliance"",""Strategy and long-term planning""],""Human Resources"":[""Employment and talent search"",""Sourcing and hiring"",""Succession planning""]}","[""ELECTRONICS_AND_IT_HARDWARE"",""RENEWABLE_ENERGY"",""SOFTWARE_AND_COMPUTER_SERVICES""]","["" LONDON"","" NORTH_WEST""]","[""EN""]"
100,9419,OC344257,0 - 19,7803891697,marisa.osborne@oghmapartners.com,www.oghmapartners.com,https://uk.linkedin.com/company/oghma-partners,,,Oghma Partners LLP,"{""Finance"":[""Mergers and acquisitions""]}","[""BUSINESS_AND_CONSUMER_SERVICES"",""FINANCIAL_AND_PROFESSIONAL_SERVICES"",""FOOD_AND_DRINK""]","["" LONDON"","" NORTH_WEST"",""NORTH_EAST"",""MIDLANDS"","" SOUTH_WEST"","" SOUTH_EAST""]","[""EN"",""FR"",""ES"",""DE""]"
111,9425,1514025,50 - 99,44 (0)20 7317 6685,ben.aspinall@ecovis.co.uk,www.ecovis.co.uk,https://www.linkedin.com/company/ecovis-wingrave-yeats/,https://www.facebook.com/EcovisUK,https://twitter.com/ecoviswy,Ecovis Wingrave Yeats Limited,"{""Finance"":[""Accounting and tax (including registration for VAT and PAYE)"",""Raising capital"",""Regulatory support""]}","[""BIOTECHNOLOGY_AND_PHARMACEUTICALS"",""BUSINESS_AND_CONSUMER_SERVICES"",""CREATIVE_AND_MEDIA"",""ELECTRONICS_AND_IT_HARDWARE"",""ENVIRONMENT"",""FINANCIAL_AND_PROFESSIONAL_SERVICES"",""FOOD_AND_DRINK"",""RENEWABLE_ENERGY"",""RETAIL_AND_LUXURY"",""SOFTWARE_AND_COMPUTER_SERVICES""]","["" LONDON"",""MIDLANDS"","" SOUTH_WEST"","" SOUTH_EAST""]","[""EN"",""FR"",""ES"",""CH"",""IT"",""DE"",""IN"",""IN"",""RO"",""GR"",""RU"",""UR"",""IN"",""PH"",""SK"",""CS"",""SV"",""MT""]"
25,9430,10756313,0 - 19,2072078515,MARKETING@ENTREPRENOR.UK,WWW.ENTREPRENOR-GROUP.COM,https://uk.linkedin.com/company/entreprenor-uk,,,ENTREPRENOR LIMITED,"{""Finance"":[""Accounting and tax (including registration for VAT and PAYE)"",""Insurance"",""Opening bank accounts""],""Business Support"":[""Facilities (e.g. water"","" Wi-Fi"","" electricity)""]}","[""AUTOMOTIVE"",""BIOTECHNOLOGY_AND_PHARMACEUTICALS"",""BUSINESS_AND_CONSUMER_SERVICES"",""CLOTHING"",""FOOTWEAR_AND_FASHION"",""COMMUNICATIONS"",""CREATIVE_AND_MEDIA"",""ELECTRONICS_AND_IT_HARDWARE"",""ENVIRONMENT"",""FINANCIAL_AND_PROFESSIONAL_SERVICES"",""FOOD_AND_DRINK"",""HEALTHCARE_AND_MEDICAL"",""HOUSEHOLD_GOODS"",""FURNITURE_AND_FURNISHINGS"",""LEGAL_SERVICES"",""MINING"",""RENEWABLE_ENERGY"",""RETAIL_AND_LUXURY"",""SECURITY"",""SOFTWARE_AND_COMPUTER_SERVICES"",""TEXTILES"",""INTERIOR_TEXTILES_AND_CARPETS""]","["" LONDON"",""MIDLANDS"","" SOUTH_EAST""]","[""EN"",""DE"",""NL""]"
51,9432,2936613,0 - 19,4401926217700,karolina.staniak@ebs.ltd.uk,https://www.ebs.ltd.uk/,https://www.linkedin.com/company/3491735/,,https://twitter.com/ebslimited,EBS LTD,"{""Finance"":[""Accounting and tax (including registration for VAT and PAYE)"",""Opening bank accounts"",""Regulatory support""],""Legal"":[""Company incorporation"",""Employment""]}","[""AEROSPACE"",""ADVANCED_MANUFACTURING"",""AIRPORTS"",""AGRICULTURE"",""HORTICULTURE_AND_FISHERIES"",""AUTOMOTIVE"",""BIOTECHNOLOGY_AND_PHARMACEUTICALS"",""BUSINESS_AND_CONSUMER_SERVICES"",""CHEMICALS"",""CLOTHING"",""FOOTWEAR_AND_FASHION"",""COMMUNICATIONS"",""CONSTRUCTION"",""CREATIVE_AND_MEDIA"",""EDUCATION_AND_TRAINING"",""ELECTRONICS_AND_IT_HARDWARE"",""ENVIRONMENT"",""FINANCIAL_AND_PROFESSIONAL_SERVICES"",""FOOD_AND_DRINK"",""GIFTWARE"",""JEWELLERY_AND_TABLEWARE"",""GLOBAL_SPORTS_INFRASTRUCTURE"",""HEALTHCARE_AND_MEDICAL"",""HOUSEHOLD_GOODS"",""FURNITURE_AND_FURNISHINGS"",""LIFE_SCIENCES"",""LEISURE_AND_TOURISM"",""LEGAL_SERVICES"",""MARINE"",""MECHANICAL_ELECTRICAL_AND_PROCESS_ENGINEERING"",""METALLURGICAL_PROCESS_PLANT"",""METALS"",""MINERALS_AND_MATERIALS"",""MINING"",""OIL_AND_GAS"",""PORTS_AND_LOGISTICS"",""POWER"",""RAILWAYS"",""RENEWABLE_ENERGY"",""RETAIL_AND_LUXURY"",""SECURITY"",""SOFTWARE_AND_COMPUTER_SERVICES"",""TEXTILES"",""INTERIOR_TEXTILES_AND_CARPETS"",""WATER""]","["" LONDON"",""MIDLANDS""]","[""EN"",""ES"",""IN"",""IN"",""PO"",""NO"",""SV"",""CS""]"
122,9441,OC307212,500+,2076851204,navjote.chan@burges-salmon.com,https://www.burges-salmon.com/,https://www.linkedin.com/company/burges-salmon-llp/mycompany/verification/,,,Burges Salmon LLP,"{""Legal"":[""Company incorporation"",""Employment"",""Intellectual property""]}","[""AEROSPACE"",""ADVANCED_MANUFACTURING"",""AIRPORTS"",""AGRICULTURE"",""HORTICULTURE_AND_FISHERIES"",""AUTOMOTIVE"",""BIOTECHNOLOGY_AND_PHARMACEUTICALS"",""BUSINESS_AND_CONSUMER_SERVICES"",""CHEMICALS"",""CLOTHING"",""FOOTWEAR_AND_FASHION"",""COMMUNICATIONS"",""CONSTRUCTION"",""CREATIVE_AND_MEDIA"",""EDUCATION_AND_TRAINING"",""ELECTRONICS_AND_IT_HARDWARE"",""ENVIRONMENT"",""FINANCIAL_AND_PROFESSIONAL_SERVICES"",""FOOD_AND_DRINK"",""GLOBAL_SPORTS_INFRASTRUCTURE"",""HEALTHCARE_AND_MEDICAL"",""HOUSEHOLD_GOODS"",""FURNITURE_AND_FURNISHINGS"",""LIFE_SCIENCES"",""LEISURE_AND_TOURISM"",""LEGAL_SERVICES"",""MARINE"",""MECHANICAL_ELECTRICAL_AND_PROCESS_ENGINEERING"",""METALS"",""MINERALS_AND_MATERIALS"",""MINING"",""OIL_AND_GAS"",""PORTS_AND_LOGISTICS"",""POWER"",""RAILWAYS"",""RENEWABLE_ENERGY"",""RETAIL_AND_LUXURY"",""SECURITY"",""SOFTWARE_AND_COMPUTER_SERVICES"",""TEXTILES"",""INTERIOR_TEXTILES_AND_CARPETS"",""WATER""]","["" LONDON"","" NORTH_WEST"",""NORTH_EAST"",""MIDLANDS"","" SOUTH_WEST"","" SOUTH_EAST""]","[""EN"",""FR"",""ES"",""CH"",""CH"",""IT"",""DE"",""IN"",""AR"",""IN"",""GR"",""PO"",""ZW""]"
103,9444,OC360595,100 - 249,1189597711,bstanton@boyesturner.com,https://www.boyesturner.com/,https://www.linkedin.com/company/boyes-turner/,,,Boyes Turner LLP,"{""Legal"":[""Company incorporation"",""Data protection and information assurance"",""Employment""]}","[""LEGAL_SERVICES""]","["" LONDON"","" NORTH_WEST"",""NORTH_EAST"",""MIDLANDS"","" SOUTH_WEST"","" SOUTH_EAST""]","[""EN"",""FR"",""ES"",""IN"",""IN"",""BN""]"
133,9460,NI031078,50 - 99,028 9024 3141,k.blair@cfrlaw.co.uk,https://cleaverfultonrankin.co.uk/,https://www.linkedin.com/company/cleaver-fulton-rankin-solicitors/,,,Cleaver Fulton Rankin Limited,"{""Legal"":[""Company incorporation"",""Immigration"",""Land use planning""]}","[""LEGAL_SERVICES""]","["" LONDON"","" NORTH_WEST"",""NORTH_EAST"",""MIDLANDS"","" SOUTH_WEST"","" SOUTH_EAST""]","[""EN""]"
28,9464,7422542,20 - 49,7771637809,graham.marley@ldbgroup.co.uk,https://www.letsdobusinessgroup.co.uk/,,,,Let's Do Business (South East) Group Limited,"{""Finance"":[""Raising capital""],""Business Support"":[""Business relocation""]}","[""BUSINESS_AND_CONSUMER_SERVICES"",""CREATIVE_AND_MEDIA"",""FOOD_AND_DRINK""]","["" SOUTH_EAST""]","[""EN""]"
68,12391,11770471,0 - 19,2070976778,antonio.lam@shoreslegal.com,https://www.shoreslegal.com/,https://uk.linkedin.com/company/shores-legal,,,Shores & Legal Limited,"{""Legal"":[""Immigration""]}","[""BUSINESS_AND_CONSUMER_SERVICES"",""LEGAL_SERVICES""]","["" LONDON"","" NORTH_WEST"",""NORTH_EAST"",""MIDLANDS"","" SOUTH_WEST"","" SOUTH_EAST""]","[""EN"",""CH""]"
20,15782,11992690,0 - 19,01908 035950,sam.clayton@agrecruit-ltd.com,https://agrecruit-ltd.com/,,,,AgRecruit Limited,"{""Human Resources"":[""Employment and talent search"",""Sourcing and hiring""]}","[""AGRICULTURE"",""HORTICULTURE_AND_FISHERIES""]","["" LONDON"","" NORTH_WEST"",""NORTH_EAST"",""MIDLANDS"","" SOUTH_WEST"","" SOUTH_EAST""]","[""EN""]"
50,15794,10468433,0 - 19,7379468494,anil.surmeli@srmconsulting.com,www.srmconsulting.com,https://www.linkedin.com/company/srm-business-consulting/,,https://twitter.com/srmbusiness,SRM BUSINESS CONSULTING LIMITED,"{""Finance"":[""Accounting and tax (including registration for VAT and PAYE)"",""Mergers and acquisitions"",""Regulatory support""],""Management Consulting"":[""Business Development"",""Strategy and long-term planning""]}","[""ADVANCED_MANUFACTURING"",""AUTOMOTIVE"",""BUSINESS_AND_CONSUMER_SERVICES"",""CLOTHING"",""FOOTWEAR_AND_FASHION"",""CREATIVE_AND_MEDIA"",""EDUCATION_AND_TRAINING"",""ELECTRONICS_AND_IT_HARDWARE"",""FINANCIAL_AND_PROFESSIONAL_SERVICES"",""FOOD_AND_DRINK"",""HOUSEHOLD_GOODS"",""FURNITURE_AND_FURNISHINGS"",""LEISURE_AND_TOURISM"",""LEGAL_SERVICES"",""MARINE"",""MECHANICAL_ELECTRICAL_AND_PROCESS_ENGINEERING"",""METALS"",""MINERALS_AND_MATERIALS"",""RETAIL_AND_LUXURY"",""SOFTWARE_AND_COMPUTER_SERVICES"",""TEXTILES"",""INTERIOR_TEXTILES_AND_CARPETS""]","["" LONDON"","" NORTH_WEST"",""NORTH_EAST"",""MIDLANDS"","" SOUTH_WEST"","" SOUTH_EAST""]","[""EN"",""TR""]"
93,15803,11351443,0 - 19,2083813770,alex@rbaglobal.co.uk,www.rbaglobal.co.uk,,,,Richlands Business Advisers Limited,"{""Finance"":[""Accounting and tax (including registration for VAT and PAYE)"",""Mergers and acquisitions"",""Regulatory support""],""Management Consulting"":[""Business Development"",""Strategy and long-term planning""]}","[""ADVANCED_MANUFACTURING"",""CLOTHING"",""FOOTWEAR_AND_FASHION"",""CONSTRUCTION"",""EDUCATION_AND_TRAINING"",""ELECTRONICS_AND_IT_HARDWARE"",""FOOD_AND_DRINK"",""HOUSEHOLD_GOODS"",""FURNITURE_AND_FURNISHINGS"",""LEISURE_AND_TOURISM"",""LEGAL_SERVICES"",""OIL_AND_GAS"",""PORTS_AND_LOGISTICS"",""RETAIL_AND_LUXURY""]","["" LONDON"",""NORTH_EAST"",""MIDLANDS"","" SOUTH_EAST""]","[""EN"",""CH"",""CH"",""IN"",""IN""]"
90,15813,OC344818,500+,3452091053,emma.kitchen@clarkewillmott.com,https://www.clarkewillmott.com/,https://www.linkedin.com/company/clarke-willmott/mycompany/,,https://twitter.com/ClarkeWillmott,Clarke Willmott LLP,"{""Legal"":[""Company incorporation"",""Data protection and information assurance"",""Intellectual property""]}","[""ADVANCED_MANUFACTURING"",""AGRICULTURE"",""HORTICULTURE_AND_FISHERIES"",""BUSINESS_AND_CONSUMER_SERVICES"",""CREATIVE_AND_MEDIA"",""GLOBAL_SPORTS_INFRASTRUCTURE"",""HEALTHCARE_AND_MEDICAL"",""LEISURE_AND_TOURISM"",""MECHANICAL_ELECTRICAL_AND_PROCESS_ENGINEERING"",""RENEWABLE_ENERGY"",""RETAIL_AND_LUXURY"",""SOFTWARE_AND_COMPUTER_SERVICES""]","["" LONDON"","" NORTH_WEST"",""NORTH_EAST"",""MIDLANDS"","" SOUTH_WEST"","" SOUTH_EAST""]","[""EN"",""CH""]"
16,15824,OC308202,100 - 249,44 (0) 20 7710 7550,jtumbridge@vennershipley.co.uk,https://www.vennershipley.co.uk/,,,,VENNER SHIPLEY LLP,"{""Legal"":[""Company incorporation"",""Data protection and information assurance"",""Intellectual property""]}","[""AEROSPACE"",""ADVANCED_MANUFACTURING"",""AGRICULTURE"",""HORTICULTURE_AND_FISHERIES"",""AUTOMOTIVE"",""BIOTECHNOLOGY_AND_PHARMACEUTICALS"",""CHEMICALS"",""CLOTHING"",""FOOTWEAR_AND_FASHION"",""COMMUNICATIONS"",""CONSTRUCTION"",""CREATIVE_AND_MEDIA"",""ELECTRONICS_AND_IT_HARDWARE"",""FINANCIAL_AND_PROFESSIONAL_SERVICES"",""FOOD_AND_DRINK"",""LIFE_SCIENCES"",""LEGAL_SERVICES"",""MECHANICAL_ELECTRICAL_AND_PROCESS_ENGINEERING"",""SOFTWARE_AND_COMPUTER_SERVICES""]","["" LONDON"","" SOUTH_EAST""]","[""EN"",""FR"",""ES"",""KO"",""DE""]"
26,15830,11467103,0 - 19,020 3900 2164,stuart.beaty@klippa-relo.com,https://klippa-relo.com,https://www.linkedin.com/company/klipparelocation,,,Klippa Relocation Limited,"{""Legal"":[""Immigration""],""Business Support"":[""Staff and family relocation relocation (including schooling for children)""]}","[""BUSINESS_AND_CONSUMER_SERVICES""]","["" LONDON"","" NORTH_WEST"",""NORTH_EAST"",""MIDLANDS"","" SOUTH_WEST"","" SOUTH_EAST""]","[""EN"",""FR"",""ES"",""IT"",""DE"",""RU""]"
129,9338,5404307,0 - 19,44 1672 811778,lisawhellams@tnwp.co.uk,www.tnwp.co.uk,,,,The Niblett Whellams Partnership Limited,"{""Publicity"":[""Advertising"",""Branding"",""Marketing""]}","[""ADVANCED_MANUFACTURING"",""CREATIVE_AND_MEDIA"",""HEALTHCARE_AND_MEDICAL"",""OIL_AND_GAS"",""POWER"",""RENEWABLE_ENERGY""]","["" LONDON"","" NORTH_WEST"",""NORTH_EAST"",""MIDLANDS"","" SOUTH_WEST"","" SOUTH_EAST""]","[""EN"",""FR"",""ES""]"
108,9372,OC343278,500+,0207 8141200,jcooper@kingsleynapley.co.uk,www.kingsleynapley.co.uk,https://www.linkedin.com/company/kingsleynapley/,,,Kingsley Napley LLP,"{""Legal"":[""Company incorporation"",""Employment"",""Immigration""]}","[""AIRPORTS"",""AUTOMOTIVE"",""BIOTECHNOLOGY_AND_PHARMACEUTICALS"",""BUSINESS_AND_CONSUMER_SERVICES"",""CLOTHING"",""FOOTWEAR_AND_FASHION"",""COMMUNICATIONS"",""CONSTRUCTION"",""CREATIVE_AND_MEDIA"",""EDUCATION_AND_TRAINING"",""ELECTRONICS_AND_IT_HARDWARE"",""FINANCIAL_AND_PROFESSIONAL_SERVICES"",""HEALTHCARE_AND_MEDICAL"",""LIFE_SCIENCES"",""LEISURE_AND_TOURISM"",""LEGAL_SERVICES"",""MINING"",""RENEWABLE_ENERGY"",""RETAIL_AND_LUXURY"",""SOFTWARE_AND_COMPUTER_SERVICES""]","["" LONDON"","" NORTH_WEST"",""NORTH_EAST"",""MIDLANDS"","" SOUTH_WEST"","" SOUTH_EAST""]","[""EN"",""FR"",""ES"",""CH"",""CH"",""JA"",""KO"",""PT"",""IT"",""DE"",""IN"",""AR"",""RU"",""IN"",""BN"",""KN"",""PK"",""TR"",""VI""]"